:020000040800F2
:10000000704E00204D030008B58A000811840008D6
:10001000B18A0008FD190008C99600080000000018
:10002000000000000000000000000000298B000814
:10003000C535000800000000258B0008818B0008F2
:1000400067030008670300086703000867030008E8
:1000500067030008670300086703000867030008D8
:10006000670300086703000867030008BD33000842
:10007000CD33000867030008DD330008670300087C
:1000800067030008670300086703000867030008A8
:10009000011A0008670300086703000867030008E7
:1000A0006703000867030008670300086703000888
:1000B0009D8B0008AD8B00086703000867030008EC
:1000C0006703000867030008670300086703000868
:1000D000670300088D960008670300089D960008D6
:1000E0006703000867030008670300086703000848
:1000F000DD8B00086703000867030008ED33000884
:100100006703000867030008BD8B00086703000849
:1001100067030008A18E000867030008CD8B000864
:1001200067030008FD3300080D340008670300086A
:1001300067030008000000000000000067030008DB
:1001400067030008111A0008670300086703000826
:1001500067030008670300081D340008B99600080B
:1001600067030008670300086703000867030008C7
:10017000670300086703000800000000000000009B
:10018000670300086703000800F002F800F0CEF8EB
:1001900014A696E8000CB244B344DA4501D100F04D
:1001A000C5F8BAE80F000FA696E83000A5EB0405E5
:1001B00004EB0607AAEB0704A7F101074FEA1515A0
:1001C0004FEA3414A4F10104AC4201D300F0AEF8BC
:1001D00013F0010F18BFFB1A43F0010300F001F800
:1001E000DBE718473C0E01005C0E01000A444FF0AB
:1001F000000C10F8013B13F0070408BF10F8014B86
:100200001D1108BF10F8015B641E05D010F8016BCA
:10021000641E01F8016BF9D113F0080F1EBF10F82E
:10022000014BAD1C0C1B09D16D1E58BF01F801CB51
:10023000FAD505E014F8016B01F8016B6D1EF9D5D4
:100240009142D6D37047000070470000002300247D
:1002500000250026103A28BF78C1FBD8520728BFD6
:1002600030C148BF0B6070476E2900F04183702990
:1002700000F08384662910F0A684652910F0A38419
:10028000672910F0A084612910F09F8403681B0A7D
:1002900028BF41F08001692900F0EE82642900F056
:1002A000EB82752900F0E8826F2900F0118478292B
:1002B00000F04F84E92900F0AB83E42900F0A88323
:1002C000F52900F0A583EF2900F00E84F82900F04D
:1002D0004E840368DB0928BF41F08001632901F0E7
:1002E000A981732901F0AE81E32901F0B981F329D5
:1002F00001F0BE81002070471FB510F052FC9DE850
:10030000030000F02DFD00F00FFD0400002000218F
:100310000FF0E2FF401C6060002000210FF0F2FFB0
:10032000E06000F0C3F91FBD10B510BD01F0C8F9C1
:100330001146FFF7E1FF0FF0B3F801F0B3FA03B491
:10034000FFF7F2FF03BC01F0BDFA00000948804747
:1003500009480047FEE7FEE7FEE7FEE7FEE7FEE7A7
:10036000FEE7FEE7FEE7FEE704480549054A064BBF
:1003700070470000898B000889010008701E00206A
:10038000704E0020702E0020702E002053EA020CC8
:1003900000F069802DE9F04B4FF00006002B1FBFE5
:1003A000B3FA83F503FA05F424FA05F65E4012BFAA
:1003B0001643B2FA82F502FA05F4C5F120051EBF14
:1003C00022FA05FC44EA0C04203556EA044C4FEAB4
:1003D000144418BF641C4FF000084FF0000990420D
:1003E00071EB030C39D3002919BFB1FA81F701FA77
:1003F00007F6B0FA80F700FA07F6C7F120071EBF2C
:1004000020FA07FC46EA0C062037B6FBF4FCA7EB03
:100410000507103F07F01F0BCBF120062CFA06F65C
:100420000CFA0BFB44BFB3460026202FA4BF5E4648
:100430004FF0000B5BEA060C08BF4FF0010B19EB05
:100440000B0948EB0608ABFB027C06FB02CC0BFB5E
:1004500003CCC01B71EB0C01C1E70B4602464146C1
:100460004846BDE8F08B13B5084318BF4FF0FF3086
:100470000146AFF30080BDE81C4070470FB41CB5C7
:10048000084B06AA7B4469460090059800F049FA9B
:1004900004460020694600F057FA20461CBC5DF86F
:1004A00014FB0000C104000010B5431C02E010F86A
:1004B000011B71B18107FAD14FF0013202C88C1AC9
:1004C0008C4314EAC211F9D0C01A0A0603D0C01E28
:1004D00010BDC01A10BD0A0401D0801E10BD090253
:1004E000FCD0401E10BD032A40F2308010F0030CF7
:1004F00000F0158011F8013BBCF1020F624498BF77
:1005000011F801CB00F8013B38BF11F8013BA2F113
:10051000040298BF00F801CB38BF00F8013B11F08E
:10052000030300F02580083AC0F0088051F8043B2E
:10053000083A51F804CBA0E80810F5E7121D5CBF9B
:1005400051F8043B40F8043BAFF30080D20724BFCE
:1005500011F8013B11F801CB48BF11F8012B24BF62
:1005600000F8013B00F801CB48BF00F8012B7047B1
:1005700010B5203AC0F00B80B1E81850A0E8185030
:10058000B1E81850A0E81850203ABFF4F5AF5FEA80
:10059000027C24BFB1E81850A0E8185044BF18C925
:1005A00018C0BDE810405FEA827C24BF51F8043BCC
:1005B00040F8043B08BF7047D20728BF31F8023B20
:1005C00048BF11F8012B28BF20F8023B48BF00F8B4
:1005D000012B70474FF0000200B513469446964633
:1005E000203922BFA0E80C50A0E80C50B1F1200146
:1005F000BFF4F7AF090728BFA0E80C5048BF0CC0F4
:100600005DF804EB890028BF40F8042B08BF704751
:1006100048BF20F8022B11F0804F18BF00F8012BC3
:10062000704700000000000030B44FF0013C50F86B
:10063000042B51F8043BCCFA52F4D51A20D1FCB962
:1006400050F8042B51F8043BCCFA52F4D51A17D1C8
:10065000B4B950F8042B51F8043BCCFA52F4D51A33
:100660000ED16CB950F8042B51F8043BCCFA52F47B
:10067000D51A05D1002CDAD030BC4FF000007047FD
:1006800029BAB1FA81F111F01801D1F120008440AA
:10069000F2D1CA40CB4012F0FF0213F0FF0330BC8E
:1006A000D01A7047704770477047000008487CB503
:1006B0007844009007487844009C0546019004E087
:1006C0002046016808448047241DAC42F8D17CBD17
:1006D000B80A0100C20A010010B500F025FB001D98
:1006E00010BD00BFF5FB000000487047C8010020A6
:1006F00070B5064600F014FB056806F10B0020F00B
:100700000704B4429CBF002070BD2B466A68BAB192
:100710001068A04210D304F1080188423CBF506821
:10072000586007D35168101941601168091B0160B6
:1007300058601460101D70BD13465268002AE7D13E
:100740002146284600F0F8FA0028DED170BD70B5C9
:100750000446051F00F0E4FA0068002C14BF44684A
:1007600070BD002C18BFAC423CBF20466468F8D373
:1007700001680A18AA4218BF456003D12A680546D5
:100780001144016028684119A1421CBF6C6070BD12
:100790006168696021680844286070BD10B5FFF782
:1007A000A3FF006810BD10B50446FFF79DFF04606D
:1007B00010BD70B5044685690068C10601D53026B4
:1007C00000E02026C00707D070BDD4E901213046E3
:1007D0009047206A401C20626D1EF6D570BD70B532
:1007E000044685690078C00707D170BDD4E90121AE
:1007F00020209047206A401C20626D1EF6D570BDF7
:1008000009684A0501D540B27047C905FCD500B258
:10081000704709684A0501D5C0B27047C905FCD5C3
:1008200080B2704770B50C460546012A05D028787D
:10083000800600D5EA69002302E0012305E05B1C85
:10084000934202D2E05C0028F9D1A869E618C01AE8
:10085000A861286A184428622846FFF7AAFF04E026
:10086000D5E9012114F8010B9047B442F8D328468A
:10087000FFF7B5FF70BD00002DE9F04106460024EA
:1008800010687529314616A510D0FFF7B9FF00286A
:1008900002DA404213A507E031688A0701D512A5A4
:1008A00002E0490704D511A5012401E0FFF7B1FFDB
:1008B00000210A2206F1240709E0B0FBF2FCB0FB9C
:1008C000F2F302FB1C00303078541846491C002813
:1008D000F3D123462A463046BDE8F04100F0BABACB
:1008E000000000002D0000002B0000002000000090
:1008F00011680268006A530501D508700AE0D30543
:1009000001D5088006E0130603D5C217C1E900022D
:1009100000E008600120704701694A1C0261087804
:10092000704700B58FB0CDE901310021059105492F
:100930007944CDE903101146684600F029F90FB05B
:1009400000BD0000E5FFFFFF0A6802F8010B0A6026
:10095000704700002DE9FF5F15468A460446DFF820
:10096000AC80F8440027D8E900103E46CDE90010DD
:1009700010E03AF816106A4602A800F07DFE411C0D
:1009800007D02178890603D5E269391891420DD83C
:100990000744761C2078800602D5E069B84205DD60
:1009A000AE42E6DB3AF816000028E2D1A069C01B8F
:1009B000A0612046FFF7FDFED8E90010CDE9001048
:1009C000002017E03AF818106A4602A800F054FE1A
:1009D000B0F1FF3F81460BD000250DF1080B05E07B
:1009E000D4E901211BF8050090476D1C4D45F7D354
:1009F00008F10100B0428046E4DB206A38442062FE
:100A00002046FFF7ECFEBDE8FF9F00006A020100F0
:100A10002DE9F0418046D21D22F007020025D2E9DF
:100A20000002F52915A614D0011E72F1000106DAA4
:100A30000023D0EB030063EB020211A608E0D8F814
:100A400000108B0701D50FA602E0490701D50EA6BD
:100A500001251146002408F1240704E000F0B5F94F
:100A600030323A55641C50EA0102F7D12B46324627
:100A700021464046BDE8F04100F0ECB9000000001E
:100A80002D0000002B0000002000000030B40021E9
:100A900000F1240408E002F00705D208303542EAEC
:100AA0004372DB086554491C52EA0305F3D104681C
:100AB000002310A2250708D504F020040C4304D01D
:100AC000C46901230CA2641EC46130BC00F0C2B929
:100AD00010B5044621461068FFF79BFE02462046EB
:100AE000BDE810400023D1E7D21D22F00701D1E973
:100AF0000023CBE70000000030000000F0B40D46FA
:100B00000188090502D5214C7C4402E01F4C7C443D
:100B10000E34002100F1240608E002F00F0712094C
:100B2000E75D42EA03721B097754491C52EA030746
:100B3000F3D102780023120704D5702D06D009B135
:100B4000022311342246F0BC00F084B90123103492
:100B5000F8E770B504460D4621461068FFF759FEC8
:100B6000024629462046BDE870400023C6E7D21D54
:100B700022F00703D3E90023C0E70368126843F0BB
:100B8000200303600823C3610023B7E7CC00010002
:100B90002DE9F05F894604464FF0000ADFF874B192
:100BA000FB44C0F820A02046E1688847002874D0A4
:100BB000252806D0D4E901219047206A401C2062F4
:100BC000F1E700265F462046E16888472028054671
:100BD00007DB312D05D2781910F8200C08B1064337
:100BE000F1E7B00701D526F00406C4F81CA00027E1
:100BF000C4F818A02A2D09D028460FF065FB38B399
:100C000004EB8708303DC8F8185019E059F8041B68
:100C1000204604EB87029161E1688847012F054671
:100C200018D1E069002820DA26F020061DE0D8F867
:100C3000180000EB800005EB40003038C8F81800C1
:100C40002046E168884705460FF03EFB0028EED1BC
:100C5000012F0AD02E2D08D12046E16888477F1C3D
:100C60000546022F46F02006C4DBA069002803DAFF
:100C7000404246F00106A061F00701D026F01006C0
:100C80006C2D0BD0682D09D04C2D39D06A2D35D064
:100C9000742D35D07A2D33D016E038E0E1682F4638
:100CA00020468847B842054609D16C2F26D04FF41C
:100CB0008060E168064320468847054604E06C2FC3
:100CC0001AD04FF4807006430DB3A5F141001928E6
:100CD00002D8203546F400664A462946204626605A
:100CE0004E46FFF7C1FA80B101280BD0F61D26F061
:100CF000070000F1080956E74020E4E78020D8E724
:100D00000020D6E706F104094DE7284652E7206A9D
:100D1000BDE8F09F5C00010000487047C80100205A
:100D200000487047D001002000487047E8010020CB
:100D3000704770477047704738B504460A46002030
:100D40006946AFF30080002808BF38BD024600990D
:100D5000204600F0DAFC012038BD012000F0ABBDD8
:100D6000F8B5AFF30080054600200C460C2000BF0C
:100D70000646A819A0420DD9324669460020AFF3B5
:100D80000080070008BF00F096FD0098A04218BF41
:100D90000546C419FFF7C4FF05600746F01D20F0A3
:100DA00007004619284600F00AF8B44208BFF8BD0B
:100DB000A21B31463868BDE8F84000F0A6BC00210F
:100DC0000160416070470C20704730B5B0F10A02F5
:100DD00071F100034FEA900E4EEA817EB0EB0E00F7
:100DE00061EB91014FEA101E4EEA017E10EB0E00FE
:100DF00041EB11114FEA102E4EEA016E10EB0E007E
:100E000041EB11214FEA104E4EEA014E10EB0E005D
:100E100041EB1141401841F100014FEAD00040EA96
:100E200041704FEAD1014FEA810444EA907410EB1B
:100E3000800544EB01046D1944EB0404521BA341EB
:100E40004FF0000348BF0A3200D530BD401C41F1CD
:100E5000000130BD2DE9F0470D4699469246044603
:100E600000F124080168880604D5E06921F010012A
:100E7000216000E00120A84201DD471B00E00027BF
:100E8000A1697A1902EB0900081AA0612078C0064E
:100E900002D42046FFF78DFC002608E0D4E90121AA
:100EA0001AF806009047206A401C761C20624E45C6
:100EB000F4DB2078C0060AD52046FFF77AFC06E06E
:100EC000D4E9012130209047206A401C2062381E5E
:100ED000A7F10107F4DC07E0D4E9012118F80500C7
:100EE0009047206A401C2062281EA5F10105F3DC12
:100EF0002046FFF774FC2078000602D50220BDE8EA
:100F0000F0870120FBE72DE9FF4F0C461E464FF00E
:100F1000FF378BB0D2E90001DDF860800A908A4685
:100F2000C1F30A5505B93D46002108464FF00000BF
:100F3000BAF1000F00F4400005DA00EB80004FF436
:100F4000400101EA50004FEA9059B9F1010F00DD6C
:100F5000B9460A9850EA4A000ED044F61050A5F25D
:100F6000FF3545432F14B8F1000F1ED07542291EDE
:100F70001EDDC9F100021CE0B8F1010F4FF00000C6
:100F800001D0302103E0F24305E02154401CB0427F
:100F9000FBDB30460022002121540B99C1F8088068
:100FA000C1E900200FB0BDE8F08FBD1B6D1CDEE76E
:100FB0004A4600DA694206A800F002FC06AB93E854
:100FC000070003AB83E8070050460A990EF05AFB6E
:100FD0008DE80700A0F500501F3800900398002D01
:100FE0000ADD42F21F014A460844002303A9039088
:100FF00068460EF0C3FD09E0A0F500504A461F38D0
:10100000002303A9039068460EF0CDFD8DE807008C
:101010000004000C03D04FF0FF30410800E0104600
:10102000B8F1000F03D00022009215461EE0751E95
:1010300005D4FFF7CAFE303262556D1EF9D5B346AE
:101040000122084302D000227F1C04E020783028CF
:1010500001D100227F1E002A099784D01DE0112DA6
:1010600007DAFFF7B2FE303262556D1C50EA01021A
:10107000F5D1084302D00098C8B10EE00021681EE7
:1010800005E0235C625C63542254401E491C81428B
:10109000F7DBAB46A81B401E0990002004F80B00AC
:1010A0000B98099AC0F80880C0E9002B7AE711264E
:1010B0004FF0000857E72DE9F04F88460446D21D4F
:1010C00022F0070191B0D1E90001CDE90A010EF04B
:1010D000A1FE02460B98C00F01D02D2007E020682A
:1010E000810701D52B2002E0202101EAC000032A5C
:1010F000099001D0072A05DB03464146204600F04F
:101100001FFB0BE12078800601D5E06900E0062096
:10111000B8F1650F814606D0B8F1660F18D0B8F166
:10112000670F70D131E00020B9F1110F009001DBA1
:10113000112301E009F101030AAA01A90CA8FFF794
:10114000E2FEDDE90C70002609F10105834647E067
:1011500001204B4600904FF000470AAA01A90CA8B5
:10116000FFF7D1FEDDE90DB00C995D46002610B900
:1011700009F101000D18B9EB050003D4C0F1FF36E9
:1011800009F10105A5EB09002BE0B9F1010F01DA26
:101190004FF001090020B9F1110F0090484601DD20
:1011A000112300E003460AAA01A90CA8FFF7ABFE31
:1011B000DDE90C704D4600268346207800070AD4EE
:1011C000AB4500DA5D4601A8012D04DD411911F897
:1011D000011C302907D04F4502DA17F1040F04DA59
:1011E000012082460FE06D1EEEE7002F02DCED1BB2
:1011F0003E4403E0781CA84200DD7D1CB81B00F1D2
:10120000010A4FF000472078000703D4AA4501DB0C
:101210004FF0FF3A0021B7F1004F0DF143088DF870
:10122000431024D002202B23002F01DA7F422D23EC
:101230000A21021EA0F1010000DC5FB197FBF1FC66
:1012400097FBF1F201FB1C7C17460CF1300C08F8FF
:1012500001CDEEE7A8F1010003702188090501D551
:10126000452100E06521A0F1010800F8011C099862
:101270000FA9A1EB0807FF1D00B10120411901EBE7
:10128000EA70A1693844081A401EA0612078C0069F
:1012900002D42046FFF78DFA099828B1D4E901213C
:1012A0009047206A401C20622078C00622D5204644
:1012B000FFF77FFA1EE0002E04DBB34502DD01A834
:1012C000805D00E03020D4E901219047206A401C75
:1012D0002062761CAAF101005FEA000A0AD1FFF73A
:1012E00023FDC0680168405CD4E901219047206A71
:1012F000401C2062281EA5F10105DCDC07E0D4E9D2
:10130000012118F8010B9047206A401C2062381E0A
:10131000A7F10107F3DC2046FFF761FA032011B0C3
:1013200041E600002DE9F04F04460D46D21D22F0A3
:10133000070089B0D0E90097484639460EF06AFDAB
:101340000246F80F01D02D2307E02068810701D560
:101350002B2302E0202101EAC0038DF820300BB1DD
:10136000012000E00020032A824601D0072A04DB86
:101370002946204600F0E4F93FE12078800601D4B8
:101380000D2500E0E569C7F30A560D2D49DA002165
:101390004FEA175B08464FF00000002F00F44000B2
:1013A00007DA00EB80004FF4400100EBD07001EA57
:1013B00060008115012901DD4FF0FF3100224FEA65
:1013C000850CBCF1180F06D31346ACF118004FF092
:1013D0008052C24003E04FF4801323FA0CF30CF167
:1013E0000C0CBCF1200F04D3ACF1200C09FA0CF06A
:1013F00001E007FA0CF000294FF0004801DD18B9B0
:101400000FE00ED140450CD319EB02095F4121B921
:10141000404502D19F4329EA0209BBEB175F00D088
:10142000761C2088000502D57B48784402E07A4883
:101430007844193808AA302302F80A30037C0AF1EC
:101440000101002E0AF1020A53546A4602DC4FF0F1
:10145000300101E04FF031014FF001088DF800102C
:1014600002D0A6F2FF3603E059EA470100D06B4EE6
:10147000002D02DC2178090704D54FF002082E2147
:101480008DF80110C44600210BE0C7F303433F0170
:10149000C35C491C6D1E02F80830052908F10108DB
:1014A00001DA002DF1DC00210CE000EB1973491C7E
:1014B0001B786D1E082902F808304FEA091908F157
:1014C000010801DA002DF0DC21688B0602D516E058
:1014D000A8F10108E04505DD02EB080313F8013C23
:1014E000302BF5D0B8F1000F09DD02EB080313F83B
:1014F000013C2E2B03D1090701D4A8F10108002DCE
:1015000005DD3E2102F808106D1E08F10108407C3F
:10151000002E02F8080008F1010804DA2D207642B6
:1015200002F8080002E02B2002F808000A214FF41C
:101530007A70864208F101080BDB96FBF0F330333A
:1015400002F8083096FBF0F308F1010800FB13667F
:1015500001E0642E0CDB642096FBF0F3303302F8DC
:10156000083096FBF0F308F1010800FB136601E078
:101570000A2E06DB96FBF1F0303002F8080008F185
:10158000010896FBF1F001FB1060303002F8080012
:10159000A16908F1010808EB050202EB0A00081A2C
:1015A000A0612078C00602D42046FFF702F9216A24
:1015B00008AE01EB0A00206204E0D4E9012116F82C
:1015C000010B9047BAF1010AF7D22078C00602D584
:1015D0002046FFF7EEF86E4609E016F8010B3E28AC
:1015E0000FD0D4E901219047206A401C2062B8F155
:1015F0000108F2D22046FFF7F2F809B00320BDE857
:10160000F08F206A2844206203E0D4E901213020D1
:1016100090476D1EEBD3F8E719F8000002FCFFFFBE
:1016200010B5436913B1AFF3008001E0FFF7FAF89A
:10163000012010BD127800F124010A7000224A70C6
:101640000122EDE711684FF0FF32E9E710B5436979
:1016500013B1AFF3008001E0FFF77CF9012010BD6A
:10166000128800F1240182840022C2840122EDE765
:1016700011684FF0FF32E9E72DE9F04116460C46BC
:101680000546FFF729F8036893F80101012807D000
:10169000FF2C12D8185D80B101202C70BDE8F081BC
:1016A000D3F807013246214603F20713C71828462C
:1016B000BC46BDE8F041002360474FF0FF30EDE746
:1016C0007546FFF729FBAE4605006946534620F0F4
:1016D0000700854618B020B5FEF746FEBDE820405D
:1016E0004FF000064FF000074FF000084FF0000BDE
:1016F000AC46ACE8C009ACE8C009ACE8C009ACE84D
:10170000C00921F007018D467047034640688C46AA
:10171000002818BF88423CBF03464068F8D31868C9
:101720001844884207D00CF1030020F00700001D88
:10173000411A521A0146081D0A60FFF708B8000056
:101740002DE9F0411F46044603260168072A01F4EB
:10175000006004DB08B116A505E016A503E008B19A
:1017600015A500E015A521F010002060A069C01E9D
:10177000A0610FB1401EA0612046FFF71AF84FB1DB
:10178000D4E9012138469047206A401C2062C01CE1
:10179000206206E0206AFAE7D4E9012115F8010B7E
:1017A0009047761EF8D22046FFF719F8BDE8F08181
:1017B0004E414E006E616E00494E4600696E6600F5
:1017C0002DE9F047814616468AB0354878440DC861
:1017D0008DE80D0032487844801C03AC0DC884E8C5
:1017E0000D0041F69B300844372190FBF1F290FB4D
:1017F000F1F5A5F1800501FB12041B3C02D5644202
:10180000012000E00020DFF898A080460027FA447D
:10181000AAF1BE0A0EE0E0070AD03246684607EB9E
:10182000470101230AEB81010EF0BDF98DE80700A5
:1018300064107F1C002CEED1194F7F44AE3F19E09D
:10184000E80715D007EB04100DF1180A90E80E0018
:101850008AE80E00C068F04201D19819089032461B
:10186000012306A903A80EF09EF903AB83E8070045
:101870006D10641C002DE3D14FF001033246694620
:10188000B8F1000F03A802D00EF078F901E00EF0D5
:101890008AF9C9E90001C9F808200AB0BDE8F08753
:1018A00008F5000010B50446AFF300802046BDE8FF
:1018B0001040FEF744BD10B500F010F8BDE8104030
:1018C00000F007B801491820ABBEFEE72600020071
:1018D0007047002801D0FFF7F5BF704710B5012809
:1018E00005D0002103A000F021F8012010BD09A1BE
:1018F000F8E7000053494752544D454D3A204F7583
:1019000074206F662068656170206D656D6F7279F7
:10191000000000003A2048656170206D656D6F72AF
:101920007920636F727275707465640070B50546D6
:101930000C460A2000E06D1C00F011F835B1287843
:101940000028F8D102E0641C00F009F814B12078F6
:101950000028F8D1BDE870400A20AFF3008008B538
:1019600069468DF800000320ABBE08BD80B584B089
:10197000039002910020ADF80600039820B1FFE724
:101980000298022801D8FFE715E00398029902396E
:1019900001F01EFEADF80600BDF80600039A02999C
:1019A000114401F8020C9DF80700039A02991144B2
:1019B00001F8010CFFE704B080BD000080B584B0E1
:1019C0000390029100208DF80700039820B1FFE7F3
:1019D0000298022801D8FFE70EE003980299013926
:1019E00001F02CFE8DF807009DF80700039A02997C
:1019F000114401F8010CFFE704B080BDFFE7FEE7EA
:101A000080B541F22440C2F2000002F029F980BD05
:101A100080B541F24C40C2F2000002F021F980BDD5
:101A200070B58AB09C4696460C46054612981198A9
:101A300010990F9A0E9B09958DF823408DF822E09E
:101A40008DF821C0ADF81E30ADF81C20ADF81A108D
:101A5000ADF818001298FEF727FDADF8160040F219
:101A60004450C2F200000390A5210170332141804F
:101A700040F20131C1804FF48871A0F8921090F8C3
:101A80004210A0F8941090F8421001F58071A0F86F
:101A90009610099980F81C120999090A80F81D12FC
:101AA000BDF8261080F81E129DF8232090F81F1212
:101AB00002F0070201F0F801114480F81F1290F8BB
:101AC0001F1241F0380180F81F129DF8222090F873
:101AD000201202F00F0201F0F001114480F82012F0
:101AE0009DF8212090F8201201F00F0141EA021127
:101AF00080F82012BDF81E3090F82322B0F8211291
:101B00006FF35F2301F47E41194480F82322A0F88B
:101B10002112BDF8162090F82332B0F8211241EAC4
:101B200003416FF35F2240F2FF13C0F2FC03194040
:101B300041EA4221A0F82112090C80F82312BDF8D5
:101B40001C20D0F8241262F30901C0F82412BDF859
:101B50001A20D0F824126FF3DF226FF3942141EAA8
:101B60008221C0F82412BDF81820D0F824126FF397
:101B70005F5141EA4251C0F8241200210191A0F8BE
:101B80004812C0F84412C0F84012C0F83C12C0F825
:101B90003812C0F83412C0F83012C0F82C1200F518
:101BA0000B7002901299BDF81620FEF79CFC039B67
:101BB000197840F66C40C2F2000004900170598818
:101BC000A0F8011019794A1C1A71C1700521FFF79C
:101BD000F5FE019A0299039B0498B3F806C0A0F899
:101BE00005C0B3F892C0A0F807C0B3F894C0A0F83D
:101BF00009C0B3F896C0A0F80BC093F81CC280F8D7
:101C00000DC093F81DC280F80EC093F81EC280F874
:101C10000FC093F81F5293F820E293F8234205F087
:101C2000070CC5F3C2054CEAC50C4CEA8E1CB3F890
:101C300021E24EEA0444A6466FF35F2E4CEA8E3C46
:101C400040F2000ECFF6807E0EEA843EF444C0F8E7
:101C500010C0D3F82432436182611C301E22FEF78B
:101C600042FC0399049849880931FFF77FFE0499E3
:101C700041F66810C2F200003C224FF6FF7306F0F6
:101C80002BFB0AB070BD0000B0B588B0DDF850C0C5
:101C9000DDF84CC0DDF848C0DDF844C0DDF840C0D8
:101CA000DDF83CC0DDF838C0DDF834C0DDF830C008
:101CB00007908DF81B1005928DF8133040F24453B5
:101CC000C2F200030293A521197040F66C40C2F2E3
:101CD00000000390017051215980A0F8011019797A
:101CE0004A1C1A71C1700521FFF768FE029A039918
:101CF00040F20130D080A1F8050040F20310A2F8B4
:101D00009200A1F8070092F84200A2F89400A1F80E
:101D1000090092F8420000F58070A2F89600A1F840
:101D20000B0000208DF81200FFE79DF81200042838
:101D300000F32781FFE707999DF8120011F82010A2
:101D4000020140F24450C2F2000000F5AE70019072
:101D500081549DF81220C2EB021340F66C42C2F28D
:101D600000021344597307999DF8123001EB830167
:101D7000497800EB031359709DF81230C3EB03133D
:101D80001344997307999DF8123001EB8301897808
:101D900000EB031399709DF81230C3EB0313134447
:101DA000D9739DF81BC09DF8121000EB0113D97870
:101DB0000CF0070C01F0F8016144D970059B9DF807
:101DC000121013F801C000EB0113D9780CF0070CC6
:101DD00001F0C70141EACC01D9709DF813C09DF80C
:101DE000121000EB011319790CF00F0C01F0F00147
:101DF000614419710C9B9DF8121013F801C000EB9F
:101E00000113197901F00F0141EA0C1119710D9BB1
:101E10009DF8121033F811E000EB011333F8051FA1
:101E200093F802C06FF35F2E01F47E41714483F892
:101E300002C019800E9B9DF8121033F811C000EB00
:101E4000011333F8051F93F802E041EA0E416FF3E6
:101E50005F2C40F2FF1EC0F2FC0E01EA0E0141EAC7
:101E60004C211980090C99700F9B9DF8121033F8C2
:101E700011C000EB011399686CF309019960109B84
:101E80009DF8121033F811C000EB011399686FF33D
:101E9000DF2C6FF3942141EA8C219960119B9DF80E
:101EA000121033F811C000EB011399686FF35F5102
:101EB00041EA4C519960129B9DF8121033F811C001
:101EC00000EB0113D9686CF30901D960139B9DF8ED
:101ED000121033F811C000EB0113D9686FF3DF2C37
:101EE0006FF3942141EA8C21D960149B9DF8121064
:101EF00033F811C000EB0113D9686FF35F5141EA69
:101F00004C51D9609DF8123000EB031C9CF8035033
:101F10009CF804409CF807E005F00701C5F3C205F2
:101F200041EAC50141EA8411BCF805C04CEA0E4EF5
:101F3000F4466FF35F2C41EA8C3140F2000CCFF68F
:101F4000807C0CEA8E3C6144C3EB0313134419619B
:101F50009DF8123000EB03118968C3EB031313449F
:101F600059619DF8121000EB0110C068C1EB01111E
:101F700011448861FFE79DF8120001308DF81200CE
:101F8000D3E640F24450C2F20000408800F109015B
:101F900040F66C40C2F200000090FFF7E7FC0099A9
:101FA00041F66810C2F200005A224FF6FF7306F0A5
:101FB00093F908B0B0BD00002DE9F0418AB01C468D
:101FC00015460E46074615981499139A129BDDF88C
:101FD00044C0DDF840E009978DF823608DF8225069
:101FE0008DF821408DF820E0ADF81EC0ADF81C3012
:101FF000ADF81A20ADF81810ADF816008DED040AF2
:1020000040F24453C2F200030293A5201870152039
:10201000588040F20130D88040F20110A3F89200BD
:1020200093F84200A3F8940093F8420000F5807002
:10203000A3F89600099883F82C010998000A83F800
:102040002D01BDF8260083F82E019DF8231093F88A
:102050002F0101F0070100F0F800084483F82F0178
:102060009DF8221093F82F0101F0070100F0C7003E
:1020700040EAC10083F82F019DF8211093F8300148
:1020800001F00F0100F0F000084483F830019DF8E2
:10209000201093F8300100F00F0040EA011083F89F
:1020A0003001BDF81E2093F83311B3F831016FF3FE
:1020B0005F2200F47E40104483F83311A3F831010D
:1020C000BDF81C1093F83321B3F8310140EA024007
:1020D0006FF35F2140F2FF12C0F2FC02104040EAB1
:1020E0004120A3F83101000C83F83301BDF81A1028
:1020F000D3F8340161F30900C3F83401BDF81810B6
:10210000D3F834016FF3DF216FF3942040EA81208C
:10211000C3F83401BDF81610D3F834016FF35F50E3
:1021200040EA4150C3F83401197840F66C40C2F2DD
:102130000000039001705988A0F8011019794A1C19
:102140001A71C1700521FFF739FC02980399C28802
:10215000A1F80520B0F89220A1F80720B0F894204B
:10216000A1F80920B0F89620A1F80B2090F82C21B6
:102170004A7390F82D218A7390F82E21CA7390F833
:102180002FE190F8303190F833C10EF00702CEF312
:10219000C20E42EACE0242EA8312B0F8313143EA7B
:1021A0000C4C63466FF35F2342EA83320023CFF681
:1021B000807303EA8C331A440A61D0F83401486111
:1021C0009DF8220006280CD1FFE79DED040ABDEE24
:1021D000C00A10EE100A40F66C41C2F2000188619C
:1021E0000FE09DED040A9FED141A20EE010ABDEEEA
:1021F000C00A10EE100A40F66C41C2F2000188617C
:10220000FFE740F24450C2F20000408800F10901AB
:1022100040F66C40C2F200000190FFF7A7FB019965
:1022200041F66810C2F200001E224FF6FF7306F05E
:1022300053F80AB0BDE8F08100007A44B0B588B028
:10224000DDF850C0DDF84CC0DDF848C0DDF844C012
:10225000DDF840C0DDF83CC0DDF838C0DDF834C042
:10226000DDF830C007908DF81B1005928DF8133003
:1022700040F24453C2F200030293A521197040F6C4
:102280006C40C2F20000039001706F215980A0F8E9
:10229000011019794A1C1A71C1700521FFF78EFBD4
:1022A000029A039940F20130D080A1F805004FF462
:1022B0008270A2F89200A1F8070092F84200A2F8FA
:1022C0009400A1F8090092F8420000F58070A2F88D
:1022D0009600A1F80B0000208DF81200FFE79DF892
:1022E0001200062800F32781FFE707999DF81200E6
:1022F00011F82010020140F24450C2F2000000F533
:10230000D670019081549DF81220C2EB021340F662
:102310006C42C2F200021344597307999DF81230BF
:1023200001EB8301497800EB031359709DF81230DB
:10233000C3EB03131344997307999DF8123001EB13
:102340008301897800EB031399709DF81230C3EB79
:1023500003131344D9739DF81BC09DF8121000EBB2
:102360000113D9780CF0070C01F0F8016144D97021
:10237000059B9DF8121013F801C000EB0113D978EA
:102380000CF0070C01F0C70141EACC01D9709DF8AF
:1023900013C09DF8121000EB011319790CF00F0C0B
:1023A00001F0F001614419710C9B9DF8121013F8B3
:1023B00001C000EB0113197901F00F0141EA0C1182
:1023C00019710D9B9DF8121033F811E000EB011309
:1023D00033F8051F93F802C06FF35F2E01F47E41BE
:1023E000714483F802C019800E9B9DF8121033F8D7
:1023F00011C000EB011333F8051F93F802E041EA26
:102400000E416FF35F2C40F2FF1EC0F2FC0E01EA9A
:102410000E0141EA4C211980090C99700F9B9DF81F
:10242000121033F811C000EB011399686CF3090125
:102430009960109B9DF8121033F811C000EB011346
:1024400099686FF3DF2C6FF3942141EA8C21996036
:10245000119B9DF8121033F811C000EB011399681D
:102460006FF35F5141EA4C519960129B9DF8121035
:1024700033F811C000EB0113D9686CF30901D9607E
:10248000139B9DF8121033F811C000EB0113D968AB
:102490006FF3DF2C6FF3942141EA8C21D960149BF8
:1024A0009DF8121033F811C000EB0113D9686FF3D7
:1024B0005F5141EA4C51D9609DF8123000EB031C8A
:1024C0009CF803509CF804409CF807E005F00701D5
:1024D000C5F3C20541EAC50141EA8411BCF805C053
:1024E0004CEA0E4EF4466FF35F2C41EA8C3140F219
:1024F000000CCFF6807C0CEA8E3C6144C3EB0313E6
:10250000134419619DF8123000EB03118968C3EB85
:102510000313134459619DF8121000EB0110C068B9
:10252000C1EB011111448861FFE79DF812000130F1
:102530008DF81200D3E640F24450C2F20000408809
:1025400000F1090140F66C40C2F200000090FFF774
:102550000DFA009941F66810C2F2000078224FF699
:10256000FF7305F0B9FE08B0B0BD000080B584B0BF
:102570000020ADF80E0040F66A41C2F200014FF4AF
:102580000070088040F66800C2F20000007838B1A0
:10259000FFE740F66801C2F200010020087006E083
:1025A00040F66801C2F2000101200870FFE700F068
:1025B000B1F8ADF80E0040F66800C2F200000090DD
:1025C000017840F66900C2F20000019000EB412062
:1025D000BDF80E10014440F66A40C2F200000290BD
:1025E0000088BDF80E20801A82B241F66810C2F24F
:1025F000000005F031FE009B0199029A187801EB6A
:1026000040201B78B3FA83F35B0901EB4321138865
:10261000BDF80E209B1A1944FDF765FF04B080BD7C
:1026200080B584B003900020029041F66810C2F299
:10263000000000680068C0F30010029002980028B3
:1026400052D0FFE7FFE70020009041F66810C2F289
:1026500000000168096800910068406800900098D7
:10266000FFE741F66810C2F20000016809680191B5
:1026700001684968019105F069F8039800684068AD
:1026800001900198C0F5007040F66A41C2F2000165
:10269000088040F66800C2F20000007838B1FFE719
:1026A00040F66801C2F200010020087006E040F622
:1026B0006801C2F2000101200870FFE740F66800DF
:1026C000C2F20000017840F66900C2F2000000EB9F
:1026D000412141F66810C2F200004FF4007205F08B
:1026E000BBFD00F017F8FFE704B080BD80B541F6F0
:1026F0006810C2F200000268D16841F01001D16098
:1027000040F66901C2F200014FF4007205F0A4FD29
:1027100080BD000080B58CB00020ADF82C0040F6E4
:102720006800C2F200000078B0FA80F0410940F67B
:102730006900C2F2000000EB41200A90FFE740F67A
:102740006A40C2F200000088BDF82C10401A02282E
:102750000CDCFFE740F66A40C2F200000088BDF8DA
:102760002C10401AADF82E0000F023BE0A98BDF8D8
:102770002C10405CA52840F00686FFE70A98BDF8BB
:102780002C10084401790891042100F057FF0146FC
:102790000898884240F0F785FFE70A98BDF82C10AA
:1027A0000844B0F8010040F24451C2F200014880F0
:1027B00040F66A40C2F200000088BDF82C20801A62
:1027C0004988093188420CDAFFE740F66A40C2F2D4
:1027D00000000088BDF82C10401AADF82E0000F063
:1027E000E8BD0A9840F24451C2F200014988BDF8A0
:1027F0002C2010440731425A079200F0E9FE0146AE
:102800000798884240F0B885FFE70A98BDF82C1079
:102810000844B0F8051040F24450C2F20000C180F4
:10282000C08801460691012800F0B380FFE70698B2
:10283000022800F0D580FFE70698032800F0DC802E
:10284000FFE70698042800F07581FFE7069840F23C
:102850000111884200F08481FFE70698B0F5817F7E
:1028600000F08A81FFE7069840F20311884200F0E9
:10287000A481FFE70698B0F5827F00F0B881FFE7FA
:10288000069840F20511884200F0C481FFE70698DF
:1028900040F20121884200F0C981FFE7069840F22A
:1028A0000221884200F03E82FFE7069840F20321B1
:1028B000884200F07F82FFE70698B0F5017F00F0C4
:1028C0009382FFE7069840F20521884200F0988243
:1028D000FFE7069840F20621884200F09D82FFE75C
:1028E000069840F20721884200F0D182FFE706985F
:1028F000B0F5027F00F0EC82FFE7069840F2092174
:10290000884200F00883FFE7069840F20A218842D7
:1029100000F01F83FFE7069840F20B21884200F089
:102920001584FFE70698B0F5037F00F06584FFE7A4
:10293000069840F20131884200F03283FFE70698A2
:1029400040F20231884200F08684FFE7069840F2A8
:102950000331884200F06F83FFE70698B0F5417FAE
:1029600000F09383FFE7069840F20531884200F0BB
:10297000C783FFE7069840F20631884200F0B7842B
:10298000FFE7069840F20731884200F0B18400F07A
:10299000E6BC0A99BDF82C000844C07900F00F028B
:1029A00040F24451C2F20001087A00F0F0001044F5
:1029B00008720A9ABDF82C001044C279087A02F015
:1029C000F00200F00F00104408720A9ABDF82C00C3
:1029D0000244107A527A40EA0220488100F0C0BCDA
:1029E0000A99BDF82C000844C07940F24451C2F263
:1029F0000001087300F0B4BC0A99BDF82C00014432
:102A0000C879097A40EA012040F24451C2F200013B
:102A10000591C8810A9ABDF82C000244507A927A36
:102A200040EA022008820A9ABDF82C000244D07ABB
:102A3000127B40EA022048820A9ABDF82C00024428
:102A4000507B927B40EA022088820A9ABDF82C00D3
:102A50000244D07B127C40EA0220C8820A9ABDF868
:102A60002C000244507C927C40EA022008830A9A9F
:102A7000BDF82C000244D07C127D40EA022048833D
:102A80000A9ABDF82C000244507D927D40EA022053
:102A900088830A9ABDF82C000244D07D127E40EA59
:102AA0000220C8830A9ABDF82C000244507E927E10
:102AB00040EA022008840A9ABDF82C000244D07E25
:102AC000127F40EA022048840A9ABDF82C00024492
:102AD000507F927F40EA022088840A9ABDF82C0039
:102AE0000244D07F92F8202040EA0220C8840A9A4B
:102AF000BDF82C00024492F8210092F8222040EA0E
:102B0000022008850A9ABDF82C00024492F823009E
:102B100092F8242040EA022048850A9ABDF82C0049
:102B2000024492F8250092F8262040EA0220888587
:102B300000F016BC0A99BDF82C000844C07940F298
:102B40004451C2F2000181F82E000A9ABDF82C000F
:102B50000244107A527A40EA0220088600F000BC53
:102B60000A99BDF82C000844D0F8070040F24451FF
:102B7000C2F200014863F3E30A99BDF82C0008444F
:102B8000C07940F24451C2F2000181F838000A9A3B
:102B9000BDF82C001044007A81F839000A9ABDF87B
:102BA0002C001044407A81F83A000A9ABDF82C00B3
:102BB0001044807A81F83B00D2E30A99BDF82C00DA
:102BC0000844C07940F24451C2F2000181F83C004F
:102BD0000A9ABDF82C001044007A81F83D000A9A48
:102BE000BDF82C001044407A81F83E00B8E30A9901
:102BF000BDF82C000844C07940F24451C2F20001F3
:102C000081F83F000A9ABDF82C001044007A81F840
:102C10004000A5E30A99BDF82C000844C07940F2B1
:102C20004451C2F2000181F8410099E30A99BDF8CC
:102C30002C000844C07940F24451C2F200010491D2
:102C400081F842000A9ABDF82C001044007A81F8FD
:102C500043000A9ABDF82C000244507A927A40EA66
:102C60000220A1F844000A9ABDF82C000244D07A50
:102C7000127B40EA0220A1F846000A9ABDF82C0017
:102C80000244507B927B40EA0220A1F848000A9A55
:102C9000BDF82C000244D07B127C40EA0220A1F84F
:102CA0004A000A9ABDF82C000244507C927C40EA0B
:102CB0000220A1F854000A9ABDF82C001044C07CF0
:102CC00000F0010291F8560000F0FE00104481F877
:102CD00056000A9ABDF82C001044C07C00F0020295
:102CE00091F8560000F0FD00104481F856000A9A51
:102CF000BDF82C001044C07C00F0040291F856008E
:102D000000F0FB00104481F856000CF08FFC44F2F8
:102D10004021C0F20F01084440F6B051C2F2000158
:102D200008601DE30A99BDF82C000144C879097AAE
:102D300040EA012040F24451C2F20001A1F85800DB
:102D40000A9ABDF82C000244507A927A40EA022096
:102D5000A1F85A000A9ABDF82C001044D0F80B00D4
:102D6000C8650A9ABDF82C000244D07B127C40EA68
:102D70000220A1F860000A9ABDF82C000244507CA1
:102D8000927C40EA0220A1F862000A9ABDF82C0069
:102D90000244D07C127D40EA0220A1F864000A9A25
:102DA000BDF82C000244507D927D40EA0220A1F83B
:102DB0006600D5E20A99BDF82C000844D0F8070057
:102DC00040F24451C2F2000188660A9ABDF82C0014
:102DD0001044D0F80B00C8660A9ABDF82C001044C5
:102DE000D0F80F000867BBE20A99BDF82C00084430
:102DF000C07940F24451C2F2000181F87400AFE2A0
:102E00000A99BDF82C000844C07940F24451C2F23E
:102E1000000181F87500A3E20A99BDF82C0008446E
:102E2000C07900F00F0240F24450C2F2000090F866
:102E3000761001F0F001114480F876100A9ABDF87E
:102E40002C101144CA7990F8761002F0F00201F0CB
:102E50000F01114480F8761090F8760000F00F0012
:102E6000012813DBFFE740F24450C2F2000090F863
:102E7000760000F00F00042808DCFFE740F6694107
:102E8000C2F20001087801300870FFE768E20A9991
:102E9000BDF82C000844C07940F24451C2F2000150
:102EA00081F878000A9ABDF82C001044007A81F865
:102EB00079000A9ABDF82C001044407A81F87A0013
:102EC0000A9ABDF82C001044D0F80A00C86747E2FF
:102ED0000A99BDF82C000144C879097A40EA01201A
:102EE00040F24451C2F20001A1F880000A9ABDF8F4
:102EF0002C000244507A927A40EA0220A1F8820023
:102F00000A9ABDF82C000244D07A127B40EA0220D3
:102F1000A1F8840024E20A99BDF82C0000EB010C12
:102F20009CF80B00C0079CF807109CF808209CF840
:102F300009309CF80AC040EA0C6040EA034040EACD
:102F40000220084440F24451C2F20001C1F8880056
:102F500006E20A99BDF82C000844C07940F24451B9
:102F6000C2F2000181F88C000A9ABDF82C001044CE
:102F7000007A81F88D000A9ABDF82C000244507A3C
:102F8000927A40EA0220A1F88E000A9ABDF82C003D
:102F90000244D07A127B40EA0220A1F89000DFE1DF
:102FA0000A99BDF82C000144C879097A40EA012049
:102FB00040F24451C2F20001A1F892000A9ABDF811
:102FC0002C000244507A927A40EA0220A1F8940040
:102FD0000A9ABDF82C000244D07A127B40EA022003
:102FE000A1F896000020ADF82600FFE7BDF8260006
:102FF00040F24451C2F2000149880639884219DA88
:10300000FFE70A99BDF82630BDF82C0018440844A3
:10301000407B40F24452C2F200025188DB43194423
:10302000114481F89200FFE7BDF826000130ADF8A9
:103030002600DBE794E10A99BDF82C000844D0F89B
:10304000070040F24451C2F20001C1F84C020A9A52
:10305000BDF82C001044D0F80B00C1F850020A9AB9
:10306000BDF82C001044C07B81F854020A9ABDF8C8
:103070002C001044007C81F855020A9ABDF82C00FF
:103080001044407C81F856026AE10A99BDF82C0090
:103090000144C879097A40EA012040F24451C2F261
:1030A0000001A1F864020A9ABDF82C000244507A8B
:1030B000927A40EA0220A1F866020A9ABDF82C0032
:1030C0000244D07A127B40EA0220A1F868020A9AF0
:1030D000BDF82C001044407B81F86A020A9ABDF8C2
:1030E0002C001044807B81F86B020A9ABDF82C00FA
:1030F0000244D07B127C40EA0220A1F86C022FE14E
:103100000A99BDF82C000144C879097A40EA0121E6
:1031100040F24450C2F20000A0F858120A9ABDF8DA
:103120002C101144B1F8091000EE101AB8EEC00AC4
:1031300080ED970A0A9ABDF82C101144497B00EEE5
:10314000101AB8EE400A80ED980A09E10A99BDF814
:103150002C000844D0F8070040F24451C2F20001AC
:103160000391C1F884020A9ABDF82C001044D0F8EB
:103170000B00C1F888020A9ABDF82C001044D0F860
:103180000F00C1F88C020A9ABDF82C001044D0F848
:103190001300C1F890020A9ABDF82C001044D0F830
:1031A0001700C1F894020A9ABDF82C001044D0F818
:1031B0001B00C1F898020A9ABDF82C001044D0F800
:1031C0001F00C1F89C020A9ABDF82C001044D0F8E8
:1031D0002300C1F8A0020A9ABDF82C001044D0F8D0
:1031E0002700C1F8A4020A9ABDF82C001044D0F8B8
:1031F0002B00C1F8A802B3E00A99BDF82C000844DE
:10320000C07940F24451C2F2000181F8AC020A9A3E
:10321000BDF82C001044007A81F8AD020A9ABDF87E
:103220002C001044407A81F8AE020A9ABDF82C00B6
:103230001044807A81F8AF020A9ABDF82C0010443D
:10324000C07A81F8B0020A9ABDF82C001044007BC5
:1032500081F8B10284E00A99BDF82C000144C879D4
:10326000097A40EA012040F24451C2F20001029181
:10327000A1F8B2020A9ABDF82C001044427AB1F8C3
:10328000B40200F470401044A1F8B4020A9ABDF8E8
:103290002C001044827AB1F8B4026FF31F3040EA78
:1032A0000230A1F8B4020A9ABDF82C001044C27A88
:1032B000B1F8B60200F470401044A1F8B6020A9AC0
:1032C000BDF82C001044027BB1F8B6026FF31F303A
:1032D00040EA0230A1F8B6020A9ABDF82C00024476
:1032E000507B927B40EA0220A1F8B80238E037E038
:1032F0000A99BDF82C000844C17940F24450C2F24A
:103300000000019080F8BA120A9ABDF82C100A4405
:10331000117A527A41EA0221A0F8BC120A9ABDF849
:103320002C100A44917AD27A41EA0221A0F8BE1206
:103330000A9ABDF82C1011440C3100F5307031227E
:103340000092FDF7D0F8009A01980A9BBDF82C1066
:1033500019443D3100F2F120FDF7C5F800E0FFE728
:1033600040F24450C2F200004088BDF82C100844DE
:103370000930ADF82C0005E0BDF82C000130ADF8A7
:103380002C00FFE705E0BDF82C000130ADF82C0063
:10339000FFE7FFE7BDF82C0040F66A41C2F20001EA
:1033A00009888842FFF6CBA9FFE70020ADF82E0080
:1033B000FFE7BDF82E000CB080BD000080B541F2E3
:1033C0007440C2F2000001F013FB80BD80B541F2F1
:1033D000F450C2F2000001F00BFB80BD80B541F259
:1033E0005460C2F2000001F003FB80BD80B541F2E1
:1033F000D440C2F2000001F0FBFA80BD80B541F27A
:10340000B460C2F2000001F0F3FA80BD80B541F271
:103410003450C2F2000001F0EBFA80BD80B541F2F9
:103420009450C2F2000001F0E3FA80BD82B0019036
:103430000198007810384AF6AB21CAF6AA21A0FB01
:10344000011000090090009940F60850C0F60100F4
:10345000405C0199C8650098042807D3FFE70199EB
:103460000868042262F30900886506E0019908688B
:1034700040F2FF3290438865FFE70198806D02B00B
:103480007047000086B0059000208DF81300059865
:10349000806A03900598806910BBFFE7039802904B
:1034A00003281BD80299DFE801F0020D02180598E5
:1034B00090F82F00C00720B1FFE701208DF813001E
:1034C000FFE70CE00598C06AB0F1C07F04D1FFE7C8
:1034D00001208DF81300FFE701E000E0FFE745E081
:1034E00005988069B0F5005F25D1FFE7039801904A
:1034F00003281ED80199DFE801F00206021101201D
:103500008DF8130016E0059890F82F00C00720B141
:10351000FFE701208DF81300FFE70BE00598C06A74
:10352000B0F1C07F04D1FFE701208DF81300FFE761
:1035300000E0FFE719E003980090032804D3FFE7B9
:103540000098032804D00EE001208DF813000BE052
:10355000059890F82F00C00720B1FFE701208DF8F3
:103560001300FFE700E0FFE7FFE7FFE79DF8130028
:1035700006B0704784B003900291019200930398C3
:103580000168086820F480200860009803990968A1
:10359000486003988068402809D1FFE701980399A3
:1035A00009688860029803990968C86008E0029871
:1035B000039909688860019803990968C860FFE762
:1035C00004B070477047000072B6FFE7FEE70000E6
:1035D00084B0029001914FF6FF70ADF800000298A0
:1035E00028B9FFE74FF6FF70ADF80E0021E0FFE7C6
:1035F0000198411E0191B8B1FFE70298411C029168
:1036000000788DF80300BDF800109DF803004840D5
:10361000C2B240F61050C0F6010030F8120080EA45
:103620001120ADF80000E3E7BDF80000ADF80E0092
:10363000FFE7BDF80E0004B07047000083B00290B1
:103640000191FF208DF80300FFE70198411E0191D1
:1036500098B1FFE79DF8030002994A1C029209788D
:1036600048408DF802009DF8021040F61070C0F638
:103670000100405C8DF80300E7E79DF8030003B00C
:103680007047000084B002900191029890F82000E9
:103690008DF803009DF80300012805D0FFE79DF891
:1036A000030002280AD1FFE7019A029801684869DD
:1036B0001043486100208DF80F0008E00299486A25
:1036C00040F48020486201208DF80F00FFE79DF84C
:1036D0000F0004B07047000088B006900591049276
:1036E0000393069890F820008DF80700069800686C
:1036F000806800900598806808B9FFE700E0FFE760
:103700009DF80700012806D0FFE79DF80700022872
:1037100040F08080FFE79DF80300400700280CD4AC
:10372000FFE79DF803000007002806D4FFE79DF897
:103730000300C006002864D5FFE70098C0F30160CD
:1037400002900299012088400399086005988068DA
:1037500068B9FFE705980168C06840EA41500699DA
:103760000968029A01EB0211C1F880010EE0059987
:103770004A688868C96840EAC2000843069909682F
:10378000029A01EB0211C1F88001FFE70598006978
:1037900006990968029A01EB0211C1F884010598A3
:1037A000007D01280CD1FFE706980068029900EB24
:1037B0000111D1F8840140F48070C1F88401FFE761
:1037C0000498406806990968029A01EB0211C1F851
:1037D0008C010498006806990968029A01EB0211AD
:1037E000C1F8880106980068029900EB0111D1F830
:1037F000800140F00100C1F8800100208DF81F0019
:1038000011E00699486A40F40010486201208DF8E2
:103810001F0008E00699486A40F4802048620120B1
:103820008DF81F00FFE79DF81F0008B070470000EB
:1038300086B004900391049800680190049890F871
:1038400020008DF803009DF80300012806D0FFE753
:103850009DF80300022840F0B080FFE746F20040E8
:10386000C4F2000001900199D1F8000240F001007B
:10387000C1F800020199D1F8000220F47C50C1F88F
:1038800000020398426A0199D1F8000240EA02203E
:10389000C1F800020398406900F01F010120884030
:1038A0000290029A0199D1F81C029043C1F81C02BF
:1038B0000398C069F0B9FFE7029A0199D1F80C02A8
:1038C0009043C1F80C02039A9088D168526940EA8B
:1038D0000140019901EBC201C1F84002039A10882E
:1038E0009168526940EA0140019901EBC201C1F8B7
:1038F0004402FFE70398C06901281ED1FFE7029A3E
:103900000199D1F80C021043C1F80C02039A908877
:103910001168526940EA0140019901EBC201C1F806
:103920004002039A90899168526940EA01400199E6
:1039300001EBC201C1F84402FFE70398806940B976
:10394000FFE7029A0199D1F804029043C1F80402FA
:1039500007E0029A0199D1F804021043C1F8040269
:10396000FFE70398006940B9FFE7029A0199D1F88F
:1039700014029043C1F8140207E0029A0199D1F8A9
:1039800014021043C1F81402FFE70398006A0128EB
:1039900008D1FFE7029A0199D1F81C021043C1F83F
:1039A0001C02FFE70199D1F8000220F00100C1F8E4
:1039B000000200208DF8170008E00499486A40F4DE
:1039C0008020486201208DF81700FFE79DF817005E
:1039D00006B0704781B0009001B0704786B0049087
:1039E000039102920193049890F820008DF803004F
:1039F0009DF80300012806D0FFE79DF80300022888
:103A000040F0E880FFE7039880B9FFE7049800687A
:103A1000C068800748B9FFE70499486A40F400107D
:103A2000486201208DF81700DDE00FE0049800687F
:103A30000069800748B9FFE70499486A40F400101C
:103A4000486201208DF81700CDE0FFE70498006878
:103A5000039900EB0110D0F8B00100F004000299C6
:103A600088600298806858B9FFE704980068039955
:103A700000EB0110D0F8B001400D029908600AE097
:103A800004980068039900EB0110D0F8B001C00859
:103A900002994860FFE704980068039900EB011061
:103AA000D0F8B00100F002000299C86004980068E4
:103AB000039900EB0110D0F8B40100F00F000828C2
:103AC00004D3FFE70299082008610BE0049800681E
:103AD000039900EB0110D0F8B40100F00F00029937
:103AE0000861FFE704980068039900EB0110D0F823
:103AF000B40180B2000A02998861049800680399B1
:103B000000EB0110D0F8B401000C02994861049850
:103B10000068039900EB0110D0F8B8010199087012
:103B200004980068039900EB0110D0F8B801000A6E
:103B30000199487004980068039900EB0110D0F8CF
:103B4000B801000C0199887004980068039900EB93
:103B50000110D0F8B801000E0199C87004980068EF
:103B6000039900EB0110D0F8BC0101990871049889
:103B70000068039900EB0110D0F8BC01000A01991C
:103B8000487104980068039900EB0110D0F8BC015B
:103B9000000C0199887104980068039900EB0110EA
:103BA000D0F8BC01000E0199C871039838B9FFE73D
:103BB00004980168C86840F02000C86006E00498D6
:103BC0000168086940F020000861FFE700208DF8D7
:103BD000170008E00499486A40F4802048620120F8
:103BE0008DF81700FFE79DF8170006B0704700003A
:103BF00083B0029000200190029890F820008DF888
:103C000003009DF80300012805D0FFE79DF803009D
:103C1000022822D1FFE7029800688068400100284E
:103C200004D5FFE7019801300190FFE70298006892
:103C300080680001002804D5FFE701980130019059
:103C4000FFE7029800688068C000002804D5FFE7FD
:103C5000019801300190FFE7FFE7019803B070473A
:103C600080B58AB0099000200890099800684069E2
:103C70000790099800684068069009980068806875
:103C8000059009980068C068049009980068006968
:103C9000039009980068806902909DF81C00C00795
:103CA000002800F09480FFE79DF81400C00758B387
:103CB000FFE709980168012088609DF814008007DB
:103CC000002804D5FFE7099800F0E2FD1BE09DF80D
:103CD00014004007002805D5FFE7089840F400606D
:103CE00008900FE09DF814000007002805D5FFE7B5
:103CF000089840F48050089003E0099800F0C4FD53
:103D0000FFE7FFE7FFE7FFE79DF81500C00760B397
:103D1000FFE7099801684FF4807088609DF81500EE
:103D20008007002804D5FFE7099800F0B9FD1BE0E3
:103D30009DF815004007002805D5FFE7089840F4D6
:103D4000005008900FE09DF815000007002805D5E9
:103D5000FFE7089840F48040089003E0099800F0DD
:103D60009BFDFFE7FFE7FFE7FFE79DF81600C007B1
:103D700060B3FFE7099801684FF4803088609DF8D0
:103D800016008007002804D5FFE7099800F090FD91
:103D90001BE09DF816004007002805D5FFE70898AE
:103DA00040F4004008900FE09DF81600000700283E
:103DB00005D5FFE7089840F48030089003E00998A3
:103DC00000F072FDFFE7FFE7FFE7FFE7FFE79DF881
:103DD0001C000007002810D5FFE79DF81000C00662
:103DE000002809D5FFE7089840F40070089009986A
:103DF00001681020C860FFE7FFE79DF81C0040073E
:103E000000280FD5FFE79DF810000007002808D50F
:103E1000FFE7099801680820C860099800F0D0FA07
:103E2000FFE7FFE79DF81C00800700280BD5FFE7A0
:103E300009980068C068800720B1FFE7099800F082
:103E4000C3FAFFE7FFE79DF81C004006002810D5E5
:103E5000FFE79DF80C00C006002809D5FFE7089889
:103E600040F4806008900998016810200861FFE71D
:103E7000FFE79DF81C00800600280FD5FFE79DF89E
:103E80000C000007002808D5FFE709980168082002
:103E90000861099800F076FBFFE7FFE79DF81C003A
:103EA000C00600280BD5FFE7099800680069800765
:103EB00020B1FFE7099800F069FBFFE7FFE79DF8F5
:103EC0001E00800700280FD5FFE79DF81800C006E8
:103ED000002808D5FFE70998016810204860099874
:103EE00000F088FCFFE7FFE79DF81E00C00778B1EF
:103EF000FFE79DF818000007002808D5FFE709989C
:103F0000016808204860099800F0D6FCFFE7FFE749
:103F10009DF81D000006002840F18D80FFE79DF808
:103F200018004007002840F18180FFE79DF81D0040
:103F3000C00750B1FFE79DF80800C00728B1FFE7B0
:103F4000089840F001000890FFE79DF81D008007E9
:103F500000280BD5FFE79DF808008007002805D54D
:103F6000FFE7089840F002000890FFE79DF81D0069
:103F7000400700280BD5FFE79DF808004007002800
:103F800005D5FFE7089840F004000890FFE79DF88A
:103F90001D000007002848D5FFE79DF8080010F035
:103FA000700F42D0FFE7029800F0700001460191C7
:103FB000102814D0FFE70198202815D0FFE70198BA
:103FC000302816D0FFE70198402817D0FFE7019866
:103FD000502818D0FFE70198602819D01DE00898F4
:103FE00040F00800089019E0089840F01000089090
:103FF00014E0089840F0200008900FE0089840F086
:10400000400008900AE0089840F08000089005E021
:10401000089840F48070089000E0FFE70998016874
:10402000886920F070008861FFE7FFE70998016860
:1040300004204860FFE7089848B1FFE7089A09990B
:10404000486A104348620998FFF7C4FCFFE70AB0CA
:1040500080BD000080B584B00290029820B9FFE7CF
:1040600001208DF80F00E0E0029890F8200020B9C0
:10407000FFE7029800F0DEF8FFE7029801680868A1
:1040800040F00100086001F073F90190FFE7029829
:1040900000684068C007A8B9FFE701F069F9019915
:1040A000401A0B280DD3FFE70299486A40F400300C
:1040B00048620299052081F8200001208DF80F0048
:1040C000B3E0E4E702980168086820F002000860A5
:1040D00001F04EF90190FFE7029800684068800700
:1040E000002815D5FFE701F043F90199401A0B2884
:1040F0000DD3FFE70299486A40F400304862029904
:10410000052081F8200001208DF80F008DE0E3E705
:104110000298007E012807D1FFE70298016808682D
:1041200040F08000086006E002980168086820F00E
:1041300080000860FFE70298407E012807D1FFE772
:1041400002980168086840F04000086006E00298A4
:104150000168086820F040000860FFE70298807E50
:10416000012807D1FFE702980168086840F02000A5
:10417000086006E002980168086820F020000860E6
:10418000FFE70298C07E012807D1FFE70298016887
:10419000086820F01000086006E0029801680868CE
:1041A00040F010000860FFE70298007F012807D167
:1041B000FFE702980168086840F00800086006E020
:1041C00002980168086820F008000860FFE702987C
:1041D000407F012807D1FFE702980168086840F096
:1041E0000400086006E002980168086820F00400F6
:1041F0000860FFE7029B19685A689868D3F80CC0FA
:1042000040EA0C00D3F810C040EA0C005B69184388
:10421000013A1043C861029900204862029A0121C4
:1042200082F820108DF80F00FFE79DF80F0004B012
:1042300080BD000080B592B01190002010900F90CA
:104240000E900D900C901198006846F20041C4F257
:10425000000188424BD1FFE740F6D050C2F2000087
:104260000168013101600068012812D1FFE7FFE712
:1042700000200B9043F64000C4F20200016841F0B8
:1042800000710160006800F000700B900B98FFE770
:10429000FFE7FFE700200A9043F63000C4F2020077
:1042A000016841F001010160006800F001000A901E
:1042B0000A98FFE74FF4C0500C90022004900D9034
:1042C000002005900E9003200F90092010900020F0
:1042D000C4F202000CA900F057FE0499059A1420BC
:1042E000069001F0DDF8069801F0D0F866E011982C
:1042F000006846F60001C4F2000188425DD1FFE784
:10430000FFE70020099043F64000C4F20200016874
:1043100041F080610160006800F0806009900998B8
:10432000FFE740F6D050C2F20000016801310160A1
:104330000068012812D1FFE7FFE70020089043F64C
:104340004000C4F20200016841F0007101600068A1
:1043500000F0007008900898FFE7FFE7FFE70020F3
:10436000079043F63000C4F20200016841F00201F8
:104370000160006800F0020007900798FFE74FF423
:1043800040500C90022001900D90002002900E9061
:1043900003200F900920109040F20040C4F2020068
:1043A0000CA900F0F1FD0199029A4120039001F05F
:1043B00077F8039801F06AF8FFE7FFE712B080BDD5
:1043C00081B0009001B0704780B582B0019040F29A
:1043D0008020C2F2000041F22441C2F200010AF042
:1043E00021F8002840F0CC80FFE741F26400C2F2DF
:1043F000000009F059FF30BBFFE740F6A461C2F2AC
:10440000000108680130086040F67850C2F20000F0
:1044100090ED020A41F26400C2F20000B0F90A0015
:1044200001EE100AF8EEC10A41F28400C2F2000067
:104430000AF06CF840F67051C2F20001087840F0C2
:1044400001000870FFE740F64470C2F2000009F076
:104450002BFF30BBFFE740F6A861C2F200010868FD
:104460000130086040F67850C2F2000090ED030A77
:1044700040F64470C2F20000B0F90A0001EE100AE2
:10448000F8EEC10A40F66470C2F200000AF03EF88D
:1044900040F67051C2F20001087840F00200087046
:1044A000FFE740F6B460C2F2000009F0FDFE30BB49
:1044B000FFE740F6AC61C2F2000108680130086015
:1044C00040F67850C2F2000090ED010A40F6B46068
:1044D000C2F20000B0F90A0001EE100AF8EEC10ABB
:1044E00040F6D460C2F200000AF010F840F67051B5
:1044F000C2F20001087840F004000870FFE740F6BF
:10450000D470C2F2000009F0CFFE30BBFFE740F6E6
:10451000B061C2F2000108680130086040F67850CE
:10452000C2F2000090ED000A40F6D470C2F2000022
:10453000B0F90A0001EE100AF8EEC10A40F6F47074
:10454000C2F2000009F0E2FF40F67051C2F2000131
:10455000087840F008000870FFE740F63060C2F2CB
:10456000000009F0B1FD08B9FFE7FFE741F2F410E0
:10457000C2F2000009F0A8FD08B9FFE7FFE7FFE776
:1045800002B080BD81B0009001B0704780B584B0AA
:10459000039040F22C20C2F2000041F24C41C2F2E2
:1045A000000109F03FFF002840F01A81FFE706F004
:1045B0001DF841F2A420C2F2000009F085FD002898
:1045C00055D1FFE741F2A420C2F2000090ED060AA7
:1045D0009FED841A30EE010A41F2EC30C2F2000085
:1045E000019080ED000A90ED000A0BF0E7FC0198C5
:1045F00041F2E831C2F2000181ED000A90ED000ABB
:104600000BF034FC41F2E030C2F2000080ED000A11
:1046100090ED000AB5EE400AF1EE10FA13DDFFE767
:1046200041F2E830C2F2000090ED000A9FED701AEE
:1046300060EE010A41F2FC00C2F200009FED6B0A3D
:1046400009F064FF12E041F2E830C2F2000090EDA0
:10465000000A9FED651A60EE010A41F2FC00C2F209
:1046600000009FED620A09F051FFFFE7FFE741F20A
:104670007030C2F20000007802380146009105282F
:1046800000F29F800099DFE801F0031E519C99031E
:1046900041F28830C2F2000090ED000A41F28C3005
:1046A000C2F20000D0ED000A41F29030C2F20000E8
:1046B00090ED001A40F67850C2F200004FF4FA5123
:1046C00009F054F88BE041F28830C2F2000090ED1E
:1046D000002A41F2E030C2F2000090ED003A41F2CF
:1046E0008C30C2F2000090ED001A41F2E830C2F2C4
:1046F000000090ED004A21EE045A22EE030A30EE4B
:10470000450A22EE042A21EE031A71EE020A41F252
:10471000FC00C2F2000090ED101A40F67850C2F290
:1047200000004FF4FA5109F021F858E041F214303A
:10473000C2F20000B0F91E00B7EE001ABFEE000A88
:1047400010F5167FD8BFB0EE410A8DED020A41F296
:104750008830C2F2000090ED002A41F2E030C2F24F
:10476000000090ED003A41F28C30C2F2000090ED72
:10477000001A41F2E830C2F2000090ED004A21EE4A
:10478000045A22EE030A30EE450A22EE042A21EEF4
:10479000031A71EE020A9DED021A41F29C20C2F248
:1047A000000090ED002A21EE021A40F67850C2F285
:1047B00000004FF4FA5108F0D9FF10E004F0F0FFC8
:1047C0000DE040F67850C2F200009FED081A00217B
:1047D000B0EE410AF0EE410A08F0C8FFFFE7FFE73C
:1047E00004B080BDDDCDBB3F00008CC200000000E6
:1047F00000008C4281B0009001B0704780B584B059
:104800000290029890F8200001282FD1FFE702992A
:10481000022081F8200002980168086820F0010059
:10482000086000F0A5FD0190FFE70298006840686D
:10483000C007A8B1FFE700F09BFD0199401A0B28C3
:104840000DD3FFE70299486A40F4003048620299AC
:10485000052081F8200001208DF80F000FE0E4E72B
:104860000299002048628DF80F0008E00299486A1A
:1048700040F40020486201208DF80F00FFE79DF80A
:104880000F0004B080BD000081B0009001B07047FF
:1048900081B0009001B0704781B0009001B07047C6
:1048A00081B0009001B0704781B0009001B07047B6
:1048B00081B0009001B0704781B0009001B07047A6
:1048C00080B584B002900298806D019000F050FD98
:1048D0000090029890F8350002280DD0FFE7029969
:1048E00080204865FFE70299002081F83400FFE747
:1048F00001208DF80F0055E002980168086820F04B
:104900001600086002980168486920F0800048613C
:104910000298006C20B9FFE70298806C38B1FFE77D
:1049200002980168086820F008000860FFE7029814
:104930000168086820F001000860FFE7029800683D
:104940000068C007C8B1FFE700F012FD0099401AE7
:10495000062811D3FFE70299202048650299032019
:1049600081F83500FFE70299002081F83400FFE765
:1049700003208DF80F0015E0E0E70298C16D3F209D
:104980008840019988600299012081F83500FFE78D
:104990000299002081F83400FFE7FFE700208DF83E
:1049A0000F00FFE79DF80F0004B080BD82B00090BB
:1049B000009890F83500022807D0FFE70099802082
:1049C000486501208DF807000EE00099052081F868
:1049D000350000980168086820F001000860FFE7D2
:1049E00000208DF80700FFE79DF8070002B0704730
:1049F00080B586B005900020039040F22000C2F2FE
:104A00000000006848F2B511C1F64E31A0FB01105C
:104A1000800A02900598806D0190019800680490CA
:104A200004980599C96DC840000700281AD5FFE70A
:104A30000598006800684007002812D5FFE7059830
:104A40000168086820F0040008600598C16D08201E
:104A50008840019988600599486D40F001004865DB
:104A6000FFE7FFE704980599C96DC840C007A0B1EA
:104A7000FFE7059800684069000600280CD5FFE7AD
:104A80000598C16D01208840019988600599486D9D
:104A900040F002004865FFE7FFE704980599C96DFB
:104AA000C8404007002814D5FFE705980068006853
:104AB000800700280CD5FFE70598C16D04208840C9
:104AC000019988600599486D40F004004865FFE74A
:104AD000FFE704980599C96DC840C006002847D56E
:104AE000FFE7059800680068000700283FD5FFE74A
:104AF0000598C16D1020884001998860059800686C
:104B00000068400300281AD5FFE705980068006890
:104B10000003002809D4FFE70598006C20B1FFE7E7
:104B20000598016C8847FFE708E00598806C20B184
:104B3000FFE70598816C8847FFE7FFE716E00598D7
:104B400000680068C005002807D4FFE705980168E1
:104B5000086820F008000860FFE70598006C20B1A5
:104B6000FFE70598016C8847FFE7FFE7FFE7FFE7EE
:104B700004980599C96DC8408006002840F18D80D1
:104B8000FFE7059800680068C006002840F18480AF
:104B9000FFE70598C16D202088400199886005983D
:104BA00090F83500052834D1FFE7059801680868BA
:104BB00020F01600086005980168486920F0800020
:104BC00048610598006C20B9FFE70598806C38B102
:104BD000FFE705980168086820F008000860FFE713
:104BE0000598C16D3F208840019988600599012092
:104BF00081F83500FFE70599002081F83400FFE7D0
:104C00000598006D20B1FFE70598016D8847FFE723
:104C10007BE0059800680068400300281AD5FFE78C
:104C20000598006800680003002809D4FFE705988C
:104C3000406C20B1FFE70598416C8847FFE708E02A
:104C40000598C06B20B1FFE70598C16B8847FFE767
:104C5000FFE720E0059800680068C005002811D42F
:104C6000FFE705980168086820F0100008600599C2
:104C7000012081F83500FFE70599002081F8340014
:104C8000FFE7FFE70598C06B20B1FFE70598C16B10
:104C90008847FFE7FFE7FFE7FFE70598406DA0B310
:104CA000FFE70598406DC00730B3FFE70599052081
:104CB00081F8350005980168086820F00100086057
:104CC000FFE70398013003900299884201D9FFE77A
:104CD00007E0FFE7059800680068C0070028F0D1EA
:104CE000FFE70599012081F83500FFE705990020CD
:104CF00081F83400FFE7FFE70598C06C20B1FFE7BB
:104D00000598C16C8847FFE7FFE706B080BD00004B
:104D100080B586B004900020039000F029FB02903B
:104D2000049820B9FFE701208DF81700A3E004984C
:104D3000406A08B1FFE7FFE70499022081F83500D7
:104D4000FFE70499002081F83400FFE70498016828
:104D5000086820F001000860FFE704980068006818
:104D6000C00790B1FFE700F003FB0299401A062844
:104D70000AD3FFE70499202048650499032081F8AD
:104D800035008DF8170076E0E7E7049800680068C2
:104D90000390039848F23F01CFF2100108400390BE
:104DA000049900914868D1F808C0CB680A6940EAC4
:104DB0000C00184310434A6910438A691043CA69BA
:104DC0001043096A01430398084303900498406A1A
:104DD000042808D1FFE70499C86A096B01430398C6
:104DE00008430390FFE70398049909680860049852
:104DF000006840690390039820F00700039004982E
:104E0000416A0398084303900498406A04281AD121
:104E1000FFE70498816A0398084303900498C06AE6
:104E200080B1FFE70498FEF72DFB50B1FFE704992E
:104E3000402048650499012081F835008DF817005D
:104E400019E0FFE7FFE703980499096848610498AF
:104E5000FEF7ECFA01900498C16D3F20884001995B
:104E60008860049900204865049A012182F8351071
:104E70008DF81700FFE79DF8170006B080BD000011
:104E800080B588B0069005910492039300208DF8B8
:104E90000B000698806D0190FFE7069890F83400AB
:104EA000012804D1FFE702208DF81F0045E0069994
:104EB000012081F83400FFE7FFE7069890F83500FD
:104EC00001282BD1FFE70699022081F835000699C9
:104ED0000020486506980599049A039BFEF74AFB53
:104EE0000698C16D3F208840019988600698016846
:104EF000086840F0160008600698006C38B1FFE7BB
:104F000006980168086840F008000860FFE7069806
:104F10000168086840F00100086009E0FFE70699B1
:104F2000002081F83400FFE702208DF80B00FFE736
:104F30009DF80B008DF81F00FFE79DF81F0008B0DB
:104F400080BD000080B584B0039000F011FA02909B
:104F5000039801900198013048B1FFE740F2C0107A
:104F6000C2F200000178019808440190FFE7FFE7D2
:104F700000F0FEF90299401A0199884201D2FFE738
:104F8000F6E704B080BD00008EB00D900C910020BB
:104F90000A90099008900B90FFE70B980F2800F2F9
:104FA000CC81FFE70B99012088400A900C9800689B
:104FB0000A990840099009980A99884240F0B881F6
:104FC000FFE70C98406800F00300012807D0FFE7D6
:104FD0000C98406800F0030002282FD1FFE70D98DD
:104FE000806808900B984100032000FA01F10898AE
:104FF000884308900C98C0680B99490000FA01F1A9
:1050000008980843089008980D9988600D984068A2
:1050100008900B99012000FA01F108988843089044
:105020000C984068C0F300100B9900FA01F1089841
:105030000843089008980D994860FFE70C9840686D
:1050400000F00300032818D0FFE70D98C06808900F
:105050000B984100032000FA01F10898884308905A
:105060000C9880680B99490000FA01F108980843F0
:10507000089008980D99C860FFE70C98406800F008
:105080000300022826D1FFE70D980B996FF0030269
:1050900002EA51010844006A08900B9800F00700EA
:1050A00081000F2000FA01F10898884308900C98BD
:1050B00000690B9901F00701890000FA01F10898D5
:1050C0000843089008980D990B9B02EA530211447B
:1050D0000862FFE70D98006808900B9841000320D4
:1050E00000FA01F10898884308900C98406800F095
:1050F00003000B99490000FA01F108980843089051
:1051000008980D9908600C9880798007002800F0B5
:105110000E81FFE7FFE70020079043F64400C4F24A
:105120000200016841F480410160006800F48040A1
:1051300007900798FFE70B9820F0030043F608015B
:10514000C4F20101405808900B9800F00300810060
:105150000F2000FA01F10898884308900D9800216B
:10516000C4F20201884203D1FFE7002006905EE00E
:105170000D9840F20041C4F20201884203D1FFE7DA
:105180000120059050E00D9840F60001C4F20201A4
:10519000884203D1FFE70220049042E00D9840F6D8
:1051A0000041C4F20201884203D1FFE703200390CB
:1051B00034E00D9841F20001C4F20201884203D1AB
:1051C000FFE70420029026E00D9841F20041C4F26E
:1051D0000201884203D1FFE70520019018E00D98F5
:1051E00041F60001C4F20201884203D1FFE7062024
:1051F00000900AE00D9941F60042C4F20202082034
:10520000914208BF07200090FFE700980190FFE758
:1052100001980290FFE702980390FFE7039804903B
:10522000FFE704980590FFE705980690FFE70698CA
:10523000C0B20B9901F00301890000FA01F108984E
:105240000843089008980B9921F0030143F60802DF
:10525000C4F20102885043F60840C4F2010000681D
:10526000089009990898884308900C988079C0069E
:10527000002805D5FFE70999089808430890FFE73B
:10528000089843F60841C4F20101086043F60C4057
:10529000C4F20100006808900999089888430890B2
:1052A0000C9880798006002805D5FFE709990898B1
:1052B00008430890FFE7089843F60C41C4F2010147
:1052C000086043F60440C4F20100006808900999A0
:1052D0000898884308900C9880798007002805D5A5
:1052E000FFE70999089808430890FFE7089843F6F4
:1052F0000441C4F20101086043F60040C4F2010019
:105300000068089009990898884308900C9880795B
:10531000C00728B1FFE70999089808430890FFE7FC
:10532000089843F60041C4F201010860FFE7FFE777
:10533000FFE70B9801300B902FE60EB0704700008E
:1053400082B00190ADF802108DF801209DF80100A7
:1053500028B1FFE7BDF802000199886105E0BDF8BA
:105360000200000401998861FFE702B07047000065
:1053700041F66860C2F200000068704740F2C01059
:10538000C2F20000027841F66861C2F200010868CA
:10539000104408607047000080B543F60041C4F235
:1053A0000201086840F400700860086840F48060FA
:1053B0000860086840F480700860032000F08AF8F4
:1053C0000F2000F005F800F03BF8002080BD000041
:1053D00080B582B0009040F22000C2F20000006868
:1053E00040F2C011C2F200010A784FF47A71B1FBA9
:1053F000F2F1B0FBF1F000F06DFE20B1FFE701200B
:105400008DF8070018E000980F280DD8FFE70099E5
:105410004FF0FF30002200F043F8009840F2C41132
:10542000C2F20001086003E001208DF8070003E0EC
:1054300000208DF80700FFE79DF8070002B080BD4F
:1054400082B0FFE70020019043F64400C4F202005E
:10545000016841F480410160006800F480400190DF
:105460000198FFE7FFE70020009043F64000C4F2F8
:105470000200016841F080510160006800F0805036
:1054800000900098FFE702B07047000080B582B03E
:105490008DF807009DF9070009F034FC02B080BDCB
:1054A00080B586B08DF81700049103920020029019
:1054B00009F040FC02909DF91700019002980499B0
:1054C000039A03F0F9FA0146019809F03BFC06B093
:1054D00080BD000080B582B00190019809F054FCB5
:1054E00002B080BD80B584B002900191029820B9CD
:1054F000FFE701208DF80F0021E1019843F60041FC
:10550000C4F20201096801F00701884212D9FFE7DD
:10551000019943F60040C4F202000170006800F0F7
:1055200007000199884204D0FFE701208DF80F00A1
:1055300005E1FFE702980078800700282AD5FFE7F9
:10554000029800784007002809D5FFE743F60801D4
:10555000C4F20201086840F4E0500860FFE70298D6
:1055600000780007002809D5FFE743F60801C4F2D8
:105570000201086840F460400860FFE743F6080154
:10558000C4F20201086820F0F000029A9268104309
:105590000860FFE702980078C00700286ED0FFE798
:1055A00002984068012811D1FFE743F60000C4F2D9
:1055B0000200006800F400310020B0EB514F04D12C
:1055C000FFE701208DF80F00B9E02CE00298406859
:1055D000022805D0FFE702984068032811D1FFE7B1
:1055E00043F60000C4F20200006800F000710020E1
:1055F000B0EB516F04D1FFE701208DF80F009EE062
:1056000010E043F60000C4F20200006800F002015E
:105610000020B0EB510F04D1FFE701208DF80F00FF
:105620008DE0FFE7FFE743F60801C4F202010868D6
:1056300020F00300029A526810430860FFF798FEBA
:105640000090FFE743F60800C4F20200006800F093
:105650000C0002994968B0EB810F0ED0FFE7FFF70D
:1056600087FE0099401A41F28931884204D3FFE74E
:1056700003208DF80F0062E0E4E7FFE7019843F6AE
:105680000041C4F20201096801F00701884212D208
:10569000FFE7019943F60040C4F202000170006880
:1056A00000F007000199884204D0FFE701208DF83F
:1056B0000F0044E0FFE702980078400700280CD56F
:1056C000FFE743F60801C4F20201086820F4E05045
:1056D000029AD26810430860FFE70298007800073A
:1056E00000280DD5FFE743F60801C4F2020108685F
:1056F00020F46040029A126940EAC2000860FFE7A5
:1057000000F04CF843F60801C4F202010968C9B27E
:105710000A0940F6F041C0F60101895CC84040F238
:105720002001C2F20001086040F2C410C2F2000081
:105730000068FFF74DFE00208DF80F00FFE79DF891
:105740000F0004B080BD000040F22000C2F2000053
:105750000068704780B5FFF7F7FF43F60801C4F211
:1057600002010968C1F3822240F60051C0F601012E
:10577000895CC84080BD000080B5FFF7E5FF43F6B7
:105780000801C4F20201096889B24A0B40F60051CF
:10579000C0F60101895CC84080BD000080B586B0BC
:1057A0000020059004900390029043F60800C4F294
:1057B0000200006800F00C000146019140B1FFE7D3
:1057C000019804280AD0FFE7019808280CD04FE080
:1057D00042F20040C0F2F40002904FE041F200209B
:1057E000C0F27A00029049E043F60400C4F20200DD
:1057F000016801F03F01059100684002002813D5BF
:10580000FFE743F60400C4F202000068C0F388100A
:1058100041F20021C0F27A01A0FB0101059A0023A8
:10582000FAF7B4FD049012E043F60400C4F202005B
:105830000068C0F3881042F20041C0F2F401A0FBFE
:105840000101059A0023FAF7A1FD0490FFE743F652
:105850000400C4F20200006800F44031022000EBB2
:10586000D130039004980399B0FBF1F0029005E069
:1058700042F20040C0F2F4000290FFE7029806B046
:1058800080BD000080B586B00490049820B9FFE781
:1058900001208DF8170050E304980078C007002815
:1058A00000F0A580FFE743F60800C4F2020000689C
:1058B00000F00C00042813D0FFE743F60800C4F200
:1058C0000200006800F00C0008281ED1FFE743F634
:1058D0000400C4F2020000684002002815D5FFE76A
:1058E00043F60000C4F20200006800F4003100201A
:1058F000B0EB514F08D0FFE70498406820B9FFE7AC
:1059000001208DF8170018E370E0FFE70498406865
:10591000B0F5803F09D1FFE743F60001C4F2020170
:10592000086840F48030086020E004984068B0F5D2
:10593000A02F0DD1FFE743F60001C4F20201086871
:1059400040F480200860086840F4803008600CE073
:1059500043F60001C4F20201086820F480300860B8
:10596000086820F480200860FFE7FFE7FFE704985D
:105970004068E8B1FFE7FFF7FBFC0390FFE743F661
:105980000000C4F20200006800F400310020B0EB17
:10599000514F0CD1FFE7FFF7EBFC0399401A652844
:1059A00004D3FFE703208DF81700C6E2E7E71CE009
:1059B000FFF7DEFC0390FFE743F60000C4F20200AD
:1059C000006800F400310020B0EB514F0CD0FFE72D
:1059D000FFF7CEFC0399401A652804D3FFE70320A4
:1059E0008DF81700A9E2E7E7FFE7FFE7FFE7049874
:1059F00000788007002840F19680FFE743F6080012
:105A0000C4F20200006810F00C0F13D0FFE743F659
:105A10000800C4F20200006800F00C0008282CD135
:105A2000FFE743F60400C4F20200006840020028C9
:105A300023D4FFE743F60000C4F20200006800F040
:105A400002010020B0EB510F09D0FFE70498C068B5
:105A5000012804D0FFE701208DF817006DE243F61E
:105A60000001C4F20201086820F0F800049A1269EB
:105A700040EAC2000860FFE754E00498C06870B3D1
:105A8000FFE70021C4F2472101200860FFF770FC06
:105A90000390FFE743F60000C4F20200006800F044
:105AA00002010020B0EB510F0CD1FFE7FFF760FCC3
:105AB0000399401A032804D3FFE703208DF8170049
:105AC0003BE2E7E743F60001C4F20201086820F078
:105AD000F800049A126940EAC200086021E000213F
:105AE000C4F2472100200860FFF742FC0390FFE763
:105AF00043F60000C4F20200006800F0020100203A
:105B0000B0EB510F0CD0FFE7FFF732FC0399401ABE
:105B1000032804D3FFE703208DF817000DE2E7E721
:105B2000FFE7FFE7FFE704980078000700284BD560
:105B3000FFE70498406918B3FFE740F68061C4F2BC
:105B4000472101200860FFF713FC0390FFE743F6AD
:105B50007400C4F20200006800F002010020B0EB03
:105B6000510F0CD1FFE7FFF703FC0399401A0328FC
:105B700004D3FFE703208DF81700DEE1E7E722E01A
:105B800040F68061C4F2472100200860FFF7F0FB77
:105B90000390FFE743F67400C4F20200006800F0CF
:105BA00002010020B0EB510F0CD0FFE7FFF7E0FB44
:105BB0000399401A032804D3FFE703208DF8170048
:105BC000BBE1E7E7FFE7FFE704980078400700281C
:105BD00040F1CE80FFE700208DF8070043F640003B
:105BE000C4F202000068C000002815D4FFE7FFE7F8
:105BF0000020009043F64000C4F20200016841F02A
:105C000080510160006800F0805000900098FFE72C
:105C100001208DF80700FFE747F20000C4F2000002
:105C20000068C005002822D4FFE747F20001C4F253
:105C30000001086840F480700860FFF799FB03904A
:105C4000FFE747F20000C4F200000068C00500282A
:105C50000CD4FFE7FFF78CFB0399401A032804D309
:105C6000FFE703208DF8170067E1EAE7FFE7FFE7AA
:105C700004988068012809D1FFE743F67001C4F257
:105C80000201086840F0010008601FE00498806885
:105C900005280DD1FFE743F67001C4F20201086840
:105CA00040F004000860086840F0010008600CE063
:105CB00043F67001C4F20201086820F00100086098
:105CC000086820F004000860FFE7FFE7FFE704989A
:105CD0008068F8B1FFE7FFF74BFB0390FFE743F65F
:105CE0007000C4F20200006800F002010020B0EB76
:105CF000510F0ED1FFE7FFF73BFB0399401A41F22A
:105D00008931884204D3FFE703208DF8170014E19E
:105D1000E5E71EE0FFF72CFB0390FFE743F670007A
:105D2000C4F20200006800F002010020B0EB510F45
:105D30000ED0FFE7FFF71CFB0399401A41F28931AF
:105D4000884204D3FFE703208DF81700F5E0E5E76C
:105D5000FFE79DF80700012809D1FFE743F640015E
:105D6000C4F20201086820F080500860FFE7FFE7F6
:105D700004988069002800F0DC80FFE743F6080003
:105D8000C4F20200006800F00C00082800F08580D2
:105D9000FFE70498806902285CD1FFE76021C4F224
:105DA000472100200860FFF7E3FA0390FFE743F67E
:105DB0000000C4F20200006800F000710020B0EBA7
:105DC000516F0CD0FFE7FFF7D3FA0399401A03286D
:105DD00004D3FFE703208DF81700AEE0E7E704994E
:105DE000C869D1F820C04B6A8A6A40EA0C0040EAD0
:105DF0008310D2034FF6FF739A43A2F5803210430B
:105E0000C96A40EA016043F60401C4F20201086075
:105E10006021C4F2472101200860FFF7A9FA03902E
:105E2000FFE743F60000C4F20200006800F00071D2
:105E30000020B0EB516F0CD1FFE7FFF799FA0399FF
:105E4000401A032804D3FFE703208DF8170074E0FD
:105E5000E7E721E06021C4F2472100200860FFF756
:105E600087FA0390FFE743F60000C4F202000068DF
:105E700000F000710020B0EB516F0CD0FFE7FFF78E
:105E800077FA0399401A032804D3FFE703208DF81B
:105E9000170052E0E7E7FFE74AE00498806901282D
:105EA00004D1FFE701208DF8170046E043F6040017
:105EB000C4F202000068029004988069012831D081
:105EC000FFE7029800F480000499C969884229D14B
:105ED000FFE7029800F03F000499096A884221D147
:105EE000FFE7029847F6C07108400499496AB0EB91
:105EF000811F17D1FFE7029800F440300499896AA6
:105F0000C9034FF6FF729143A1F58031884209D150
:105F1000FFE7029800F070600499C96AB0EB016F66
:105F200004D0FFE701208DF8170006E0FFE7FFE748
:105F3000FFE700208DF81700FFE79DF8170006B077
:105F400080BD000080B584B00290029820B9FFE7C0
:105F500001208DF80F0071E00298406A60B9FFE7F8
:105F600002984068B0F5827F01D1FFE703E0029913
:105F70000020C861FFE705E002990020086102994E
:105F80004861FFE7029900208862029890F851006A
:105F900040B9FFE70299002081F85000029800F014
:105FA00051F8FFE70299022081F851000298016838
:105FB000086820F040000860029A01921168506859
:105FC000D2F808C0D36800F482700CF4044C60442A
:105FD00003F400631844136903F00203184453697F
:105FE00003F001031844936903F400731844D36960
:105FF00003F038031844136A03F080031843926ACD
:1060000002F4005210430860029A508B00F0040022
:106010001168526A02F01002104448600298016848
:10602000C86920F40060C861029900204865029A9E
:10603000012182F851108DF80F00FFE79DF80F0045
:1060400004B080BD80B588B0079000200690059010
:106050000490039002900798006843F20001C4F294
:106060000101884233D1FFE7FFE70020019043F6AA
:106070004400C4F20200016841F4805101600068EC
:1060800000F4805001900198FFE7FFE700200090A6
:1060900043F63000C4F20200016841F001010160E2
:1060A000006800F0010000900098FFE7E0200290F7
:1060B0000220039000200490032005900520069004
:1060C0000020C4F2020002A9FEF75EFFFFE708B05D
:1060D00080BD000080B582B00190019802F026FDDD
:1060E00002B080BD81B0009001B0704781B00090D7
:1060F00001B0704785B003900291FFE7039890F8D4
:106100003C00012804D1FFE702208DF813007EE057
:106110000399012081F83C00FFE7FFE70399022083
:1061200081F83D000398006840680190039800687A
:1061300080680090019820F070000190029801683A
:1061400001980843019001980399096848600398F1
:1061500000680021C4F2010188423CD0FFE70398A7
:106160000068B0F1804F36D0FFE70398006840F236
:106170000041C4F2000188422DD0FFE70398006877
:1061800040F60001C4F20001884224D0FFE70398E2
:10619000006840F60041C4F2000188421BD0FFE7CE
:1061A0000398006840F20041C4F20101884212D015
:1061B000FFE70398006844F20001C4F2010188423D
:1061C00009D0FFE70398006841F60001C4F200011E
:1061D00088420ED1FFE7009820F0800000900298DE
:1061E0004168009808430090009803990968886006
:1061F000FFE70399012081F83D00FFE703990020A4
:1062000081F83C00FFE700208DF81300FFE79DF8C0
:10621000130005B07047000080B582B00090009870
:1062200020B9FFE701208DF807003FE0009890F8C3
:106230003D0040B9FFE70099002081F83C0000983C
:1062400000F038F8FFE70099022081F83D0000993E
:1062500051F8040B02F0CAFC0099012081F84600B5
:10626000FFE70099012081F83E00009981F83F0086
:10627000009981F84000009981F84100FFE7FFE7AD
:106280000099012081F84200009981F843000099AB
:1062900081F84400009981F84500FFE7009901204A
:1062A00081F83D0000208DF80700FFE79DF807000A
:1062B00002B080BD80B58CB00B900B980068B0F137
:1062C000804F1BD1FFE7FFE700200A9043F6400014
:1062D000C4F20200016841F001010160006800F0B1
:1062E00001000A900A98FFE71C2005900022114641
:1062F000FFF7D6F80598FFF7C9F893E00B98006808
:1063000040F20041C4F2000188421BD1FFE7FFE7E1
:106310000020099043F64000C4F20200016841F0F9
:1063200002010160006800F0020009900998FFE78F
:106330001D20049004210022FFF7B2F80498FFF713
:10634000A5F86EE00B98006840F60041C4F2000129
:1063500088421BD1FFE7FFE70020089043F640008A
:10636000C4F20200016841F008010160006800F019
:10637000080008900898FFE73220039004210022CB
:10638000FFF78EF80398FFF781F849E00B98006853
:1063900041F20041C4F2000188421BD1FFE7FFE750
:1063A0000020079043F64000C4F20200016841F06B
:1063B00020010160006800F0200007900798FFE7C7
:1063C0003720029004210022FFF76AF80298FFF7B5
:1063D0005DF824E00B98006840F20041C4F201012E
:1063E00088421BD1FFE7FFE70020069043F64400F8
:1063F000C4F20200016841F002010160006800F08F
:10640000020006900698FFE72C200190032100224D
:10641000FFF746F80198FFF739F8FFE7FFE7FFE7D6
:10642000FFE7FFE70CB080BD83B00190019890F8C2
:106430003D00012804D0FFE701208DF80B006AE041
:106440000199022081F83D0001980168C86840F078
:106450000100C860019800680021C4F2010188426F
:106460003CD0FFE701980068B0F1804F36D0FFE7DD
:106470000198006840F20041C4F2000188422DD02A
:10648000FFE70198006840F60001C4F2000188426D
:1064900024D0FFE70198006840F60041C4F20001F3
:1064A00088421BD0FFE70198006840F20041C4F227
:1064B0000101884212D0FFE70198006844F2000110
:1064C000C4F20101884209D0FFE70198006841F653
:1064D0000001C4F20001884212D1FFE70198006870
:1064E000806800F0070000900098062807D0FFE7BA
:1064F00001980168086840F001000860FFE706E0C5
:1065000001980168086840F001000860FFE700207A
:106510008DF80B00FFE79DF80B0003B070470000FB
:1065200080B586B00490039100208DF80B00FFE742
:10653000049890F83C00012804D1FFE702208DF870
:106540001700ABE00499012081F83C00FFE7FFE76A
:106550000499022081F83D00049800688068019049
:10656000019820F077000190019820F47F4001907D
:1065700001980499096888600398006800900028D1
:1065800072D0FFE7009810286ED0FFE7009820280F
:106590006AD0FFE70098302866D0FFE700984028CF
:1065A00055D0FFE70098502837D0FFE700986028C3
:1065B00040D0FFE7009870280BD0FFE70098B0F5B7
:1065C000805F05D0FFE70098B0F5005F16D052E07D
:1065D00055E004980068039B5A689968DB6802F0EC
:1065E000DDFB0498006880680190019840F0770016
:1065F0000190019804990968886040E00498006857
:10660000039B5A689968DB6802F0C8FB049801682C
:10661000886840F48040886031E004980068039AFC
:106620005168D26802F0EAFB04980068502102F039
:10663000CFFB24E004980068039A5168D26802F006
:1066400005FC04980068602102F0C2FB17E0049882
:106650000068039A5168D26802F0D0FB0498006881
:10666000402102F0B5FB0AE004980068039909682C
:1066700002F0AEFB03E001208DF80B00FFE7049968
:10668000012081F83D00FFE70499002081F83C00DB
:10669000FFE79DF80B008DF81700FFE79DF8170046
:1066A00006B080BD81B0009001B0704780B584B065
:1066B000039003980068C06802900398006800691E
:1066C00001909DF804008007002824D5FFE79DF87D
:1066D0000800800700281DD5FFE7039801686FF0C8
:1066E0000200086103990120087703980068806917
:1066F000800720B1FFE70398FFF7D4FF06E0039877
:1067000000F0E2F8039800F0E3F8FFE703990020B7
:106710000877FFE7FFE79DF804004007002825D52C
:10672000FFE79DF80800400700281ED5FFE7039803
:1067300001686FF00400086103990220087703984C
:106740000068806910F4407F04D0FFE70398FFF7EA
:10675000A9FF06E0039800F0B7F8039800F0B8F836
:10676000FFE7039900200877FFE7FFE79DF80400A3
:106770000007002824D5FFE79DF80800000700283F
:106780001DD5FFE7039801686FF0080008610399C1
:106790000420087703980068C069800720B1FFE7EC
:1067A0000398FFF77FFF06E0039800F08DF8039849
:1067B00000F08EF8FFE7039900200877FFE7FFE776
:1067C0009DF80400C006002825D5FFE79DF80800C5
:1067D000C00600281ED5FFE7039801686FF010007F
:1067E000086103990820087703980068C06910F4CD
:1067F000407F04D0FFE70398FFF754FF06E00398BB
:1068000000F062F8039800F063F8FFE703990020B6
:106810000877FFE7FFE79DF80400C00778B1FFE7BE
:106820009DF80800C00748B1FFE7039801686FF0C2
:1068300001000861039800F04FF8FFE7FFE79DF8BB
:1068400004000006002810D5FFE79DF808000006A8
:10685000002809D5FFE7039801686FF08000086100
:106860000398FFF73FFCFFE7FFE79DF804004006B1
:10687000002810D5FFE79DF808004006002809D53C
:10688000FFE7039801686FF040000861039800F08B
:1068900053FFFFE7FFE79DF804008006002810D5AE
:1068A000FFE79DF808008006002809D5FFE7039858
:1068B00001686FF0200008610398FFF717FCFFE7FD
:1068C000FFE704B080BD000081B0009001B07047C8
:1068D00081B0009001B07047F0B5ABB02A902A9813
:1068E00041F2B871C2F20001884240F0C580FFE772
:1068F00004F0A0FA04F058FE41F2F700C2F20000E2
:10690000807848B9FFE703F07FFF41F2F701C2F258
:106910000001012088705AE003F024FA41F2F700E8
:10692000C2F20000407808BBFFE740F23400C2F238
:106930000000D0ED001A41F6A430C2F20000006859
:1069400090ED042A40F63060C2F2000002219FED73
:10695000751AB0EE410AF0EE410A07F0E1FA41F291
:10696000F701C2F200010120487029E041F2F7006E
:10697000C2F200004078012821D1FFE740F2340044
:10698000C2F20000D0ED001A41F6A830C2F20000B9
:10699000006890ED042A41F2F410C2F200000121D7
:1069A0009FED601AB0EE410AF0EE410A07F0B8FA26
:1069B00041F2F701C2F2000100204870FFE7FFE753
:1069C00041F2F701C2F2000100208870FFE741F2B6
:1069D000FE30C2F20000018801310180008842F2DD
:1069E000D042C0F2061247F6D501C2F2E96100FBBF
:1069F00001204FEA30104CF29A41C0F22001884247
:106A000039D8FFE741F2F700C2F2000040780128D0
:106A100011D1FFE740F63060C2F20000B0F90A0081
:106A2000012808D0FFE740F63060C2F200000221E2
:106A300007F018FB18E041F2F700C2F200004078BE
:106A400088B9FFE741F2F410C2F20000B0F90A0081
:106A5000012808D0FFE741F2F410C2F20000012142
:106A600007F000FBFFE7FFE741F2FE31C2F2000151
:106A700000200880FFE7FFE72A9841F60001C2F2F4
:106A80000001884245D1FFE740F23800C2F2000021
:106A9000007810B3FFE740F67450C2F20000B0F97E
:106AA000002040F24451C2F20001B1F94A00B1F9AC
:106AB000623069464B60086040F22C20C2F2000050
:106AC0004FF4AB610023299307F0D4FC299840F2DE
:106AD0003801C2F2000108701AE040F24450C2F2DC
:106AE0000000B0F95420694600204860086040F278
:106AF0002C20C2F2000040F221110123289307F05C
:106B0000B9FC289840F23801C2F200010870FFE792
:106B1000FFE72A9841F27071C2F20001884240F00A
:106B2000098617E0000000004AD8124DFB21F93F0A
:106B30004AD8124DFB21094000008C420000CD4391
:106B400000002A440000C84300402B440000D24308
:106B500000C0284441F2EC30C2F200001E900068F0
:106B600009F084FF41EC100B51EC100B1FED120BE0
:106B700053EC102B20931F9209F08AFE41EC100B6E
:106B800051EC100B09F0D4FB00EE100A09F016FAD4
:106B90001E9841F65064C2F2000484ED000A0068B9
:106BA00009F064FF1F9A209B41EC100B51EC100B75
:106BB00009F06EFE41EC100B51EC100B09F0B8FB24
:106BC00000EE100A09F052F91E9841F20C41C2F28F
:106BD0000001249181ED000A006809F047FF41ECB3
:106BE000100B51EC100B1FED2E0B53EC102B1D93C3
:106BF0001C9209F04DFE41EC100B51EC100B09F00A
:106C000097FB00EE100A09F0D9F91E9841F6586179
:106C1000C2F20001219181ED000A006809F026FF0F
:106C20001C9A1D9B41EC100B51EC100B09F030FE2F
:106C300041EC100B51EC100B09F07AFB00EE100A3E
:106C400009F014F91E9841F21441C2F20001229198
:106C500081ED000A006809F009FF1F9A209B41ECB2
:106C6000100B51EC100B09F095FB41EC100B51ECA3
:106C7000100B09F05DFB00EE100A09F09FF91E9859
:106C800041F65461C2F20001239181ED000A0068CF
:106C900009F0ECFE1F9A209B41EC100B51EC100BFD
:106CA00009F078FB41EC100B51EC100B09F040FBA4
:106CB00000EE100A09F0DAF8DDF884C0229B239A6E
:106CC000DDF890E041F21040C2F2000080ED000AD1
:106CD00041F2E836C2F2000696ED001AB7EE000A5D
:106CE0008DED250A31EE001A1FED6D2A8DED262A55
:106CF00021EE021A1FED6F3A31EE031ABDEEC11AF2
:106D000011EE105A40F2A401C2F200012791A1F83D
:106D1000565041F2E035C2F2000595ED001A31EE11
:106D2000001A21EE021A1FED7A3A31EE031ABDEE77
:106D3000C11A11EE107AA1F8647096ED001A30EEC7
:106D4000411A21EE021A1FED816A31EE061ABDEEDC
:106D5000C11A11EE107A0F8695ED001A30EE411A25
:106D600021EE021A1FED885A31EE051ABDEEC11A46
:106D700011EE107ACF8796ED001A30EE411A21EE0F
:106D8000021A1FED8E4A31EE041ABDEEC11A11EE41
:106D9000106AA1F85A6095ED001A30EE411A21EE02
:106DA000023A1FED951A33EE013ABDEEC33A13EEE7
:106DB000105AA1F8685094ED003A30EE433A23EEB1
:106DC000023A33EE063ABDEEC33A13EE105A4D8640
:106DD0009EED003A30EE433A23EE023A33EE053AA6
:106DE000BDEEC33A13EE105AA1F8405094ED003AAC
:106DF00030EE433A23EE023A33EE043ABDEEC33AA4
:106E000013EE104AA1F85C409EED003A30EE433A92
:106E100023EE023A33EE013ABDEEC33A13EE10EA26
:106E2000A1F86AE09CED003A30EE433A23EE023AD4
:106E300033EE063ABDEEC33A13EE10EAA1F834E0A1
:106E400093ED003A30EE433A23EE023A33EE053A40
:106E5000BDEEC33A13EE10EAA1F842E09CED003A11
:106E600030EE433A23EE023A33EE043ABDEEC33A33
:106E700013EE10CAA1F85EC093ED003A30EE433A2B
:106E800023EE023A33EE013ABDEEC33A13EE103A66
:106E9000A1F86C3092ED003A30EE433A23EE023A1C
:106EA00033EE063ABDEEC33A13EE103ACB8690EDC0
:106EB000003A30EE433A23EE023A33EE053ABDEEA5
:106EC000C33A13EE103AA1F8443092ED003A30EE96
:106ED000433A23EE023A33EE043ABDEEC33A13EEE0
:106EE000102AA1F8602090ED003A30EE430A20EE1F
:106EF000020A30EE010ABDEEC00A10EE100AA1F837
:106F00006E0041F20040C2F200000068B0F5167F4A
:106F100007D9FFE741F20041C2F2000101200860F9
:106F2000FFE741F2DC10C2F20000007878B3FFE71F
:106F300040F21401C2F200010B7848888A88B1F847
:106F400006C0B1F808E041F21A04C0F6010469462F
:106F50000C61C1F80CE0C1F808C04A600860232049
:106F600002210022FAF75CFD41F2DC10C2F20000BF
:106F70000178013101700078042807DBFFE741F256
:106F8000DC11C2F2000100200870FFE7CAE340F6FE
:106F9000B650C2F20000007878B3FFE740F200017B
:106FA000C2F200010B7848888A88B1F806C0B1F8AF
:106FB00008E041F21C04C0F6010469460C61C1F806
:106FC0000CE0C1F808C04A600860242002210022B9
:106FD000FAF726FD40F6B650C2F200000178013102
:106FE00001700078042807DBFFE740F6B651C2F2D3
:106FF000000100200870FFE793E341F2A220C2F2F3
:107000000000007878B3FFE740F22801C2F20001E7
:107010000B7848888A88B1F806C0B1F808E041F2D8
:107020001E04C0F6010469460C61C1F80CE0C1F809
:1070300008C04A600860252002210022FAF7F0FC0F
:1070400041F2A220C2F20000017801310170007803
:10705000042807DBFFE741F2A221C2F20001002071
:107060000870FFE75CE341F2F600C2F2000000782E
:1070700078B3FFE740F20A01C2F200010B784888BA
:107080008A88B1F806C0B1F808E041F21604C0F6EB
:10709000010469460C61C1F80CE0C1F808C04A60FF
:1070A0000860262002210022FAF7BAFC41F2F6001D
:1070B000C2F200000178013101700078042807DB7A
:1070C000FFE741F2F601C2F2000100200870FFE77D
:1070D00025E341F20040C2F2000000684EF6EF6185
:1070E000CEF6EE6148434FEA700048F68801C0F6DC
:1070F0008801884200F2E781FFE740F22500C2F2F2
:1071000000000078013801461B91092800F2A48193
:107110001B99DFE811F00A0040007600AC00CE00B9
:10712000F0001401380159017D0140F21410C2F23F
:107130000000199000F1460269461A910A6200F1B6
:107140003C02CA6100F132028A6100F128024A6100
:1071500000F11E020A6100F11402CA6000F10A0285
:107160008A60486040F24E00C2F20000086040F2BF
:10717000AC10C2F2000041F21F42C2F20002012331
:107180001946FBF75BF840F22501C2F200010878CE
:107190000130087096E140F25400C2F200001790EE
:1071A00000F14602694618910A6200F13C02CA6188
:1071B00000F132028A6100F128024A6100F11E02E8
:1071C0000A6100F11402CA6000F10A028A60486094
:1071D00040F24000C2F20000086040F27C10C2F2AF
:1071E000000041F21842C2F2000201210223FAF724
:1071F0004BFD40F22501C2F2000108780130087011
:1072000060E140F2A400C2F20000159000F16202B9
:10721000694616910A6200F15402CA6100F1460201
:107220008A6100F138024A6100F12A020A6100F124
:107230001C02CA6000F10E028A60486040F24700FA
:10724000C2F20000086040F29010C2F2000040F26A
:107250006C12C2F2000201210223FAF7EFFF40F2A2
:107260002501C2F200010878013008702AE140F2DD
:107270004450C2F2000090ED1F0A6A464FF41670A7
:10728000506140F27E4010610520D0600121916084
:107290001920506002201060212006220023FAF7F6
:1072A0008BFE40F22501C2F200010878013008701F
:1072B00008E140F6C850C2F2000090ED000A6A46AC
:1072C00040F22620506140F27E4010610520D060DF
:1072D00001219160192050600220106022200622B6
:1072E0000023FAF769FE40F22501C2F20001087896
:1072F00001300870E6E040F21401C2F200010B78A0
:1073000048888A88B1F806C0B1F808E041F21A044A
:10731000C0F6010469460C61C1F80CE0C1F808C070
:107320004A600860232001210022FAF779FB40F22D
:107330002501C2F20001087801300870C2E040F275
:107340000001C2F200010B7848888A88B1F806C0B3
:10735000B1F808E041F21C04C0F6010469460C6172
:10736000C1F80CE0C1F808C04A600860242001217F
:107370000022FAF755FB40F22501C2F2000108781D
:10738000013008709EE041F28820C2F2000090EDCA
:10739000000A6B464FF4FA70586140F27E40186163
:1073A0000522DA60012199601920586002201860D6
:1073B00020200023FAF700FE40F22501C2F200016E
:1073C0000878013008707DE040F22801C2F2000127
:1073D0000B7848888A88B1F806C0B1F808E041F215
:1073E0001E04C0F6010469460C61C1F80CE0C1F846
:1073F00008C04A600860252001210022FAF710FB2E
:1074000040F22501C2F2000108780130087059E00D
:1074100040F20A01C2F200010B7848888A88B1F86C
:1074200006C0B1F808E041F21604C0F6010469464E
:107430000C61C1F80CE0C1F808C04A600860262061
:10744000012114910022FAF7EBFA149840F2250179
:10745000C2F20001087035E040F25400C2F20000B0
:10746000119000F14602694612910A6200F13C0255
:10747000CA6100F132028A6100F128024A6100F11A
:107480001E020A6100F11402CA6000F10A028A6059
:10749000486040F24000C2F20000086040F27C10F8
:1074A000C2F2000041F21842C2F20002012113911F
:1074B0000223FAF7E9FB139840F22501C2F200011A
:1074C0000870FFE72AE140F22400C2F200000078D1
:1074D000013801461091042800F218811099DFE864
:1074E00001F003395A90E00040F2A400C2F200001B
:1074F0000E9000F1620269460F910A6200F1540297
:10750000CA6100F146028A6100F138024A6100F165
:107510002A020A6100F11C02CA6000F10E028A60B0
:10752000486040F24700C2F20000086040F290104C
:10753000C2F2000040F26C12C2F2000202231946AD
:10754000FAF77CFE40F22401C2F200010878013013
:107550000870E2E041F28820C2F2000090ED000ADB
:1075600068464FF4FA71416140F27E4101610522A3
:10757000C260012181601921416002210160202047
:107580000023FAF719FD40F22401C2F20001087845
:1075900001300870C1E040F2A400C2F200000C907B
:1075A00000F1620269460D910A6200F15402CA615B
:1075B00000F146028A6100F138024A6100F12A02B4
:1075C0000A6100F11C02CA6000F10E028A60486084
:1075D00040F24700C2F20000086040F29010C2F290
:1075E000000040F26C12C2F2000202231946FAF7C0
:1075F00025FE40F22401C2F2000108780130087033
:107600008BE041F2FC30C2F200000078C00700BB02
:10761000FFE741F2FC30C2F200000121017040F2AC
:107620004450C2F2000090ED1F0A68464FF41672F3
:10763000426140F27E4202610522C26081601921EE
:10764000416002210160212006220023FAF7B4FCE8
:107650001FE041F2FC30C2F200000221017040F64E
:10766000C850C2F2000090ED000A684640F226229F
:10767000426140F27E4202610522C26001228260C4
:10768000192242600160222006220023FAF794FCAE
:10769000FFE740F22401C2F20001087801300870CF
:1076A0003BE040F2A400C2F200000A9000F1620246
:1076B00069460B910A6200F15402CA6100F1460268
:1076C0008A6100F138024A6100F12A020A6100F180
:1076D0001C02CA6000F10E028A60486040F2470056
:1076E000C2F20000086040F29010C2F2000040F2C6
:1076F0006C12C2F2000202231946FAF79FFD40F213
:107700002401C2F200010120087006E040F22401C9
:10771000C2F2000101200870FFE7FFE7FFE7FFE783
:10772000FFE7FFE741F20041C2F2000108680130C3
:107730000860FFE72BB0F0BD81B0009001B070474A
:1077400082B00190ADF8021002B0704780B584B0ED
:10775000039000200290039800684069C0B2C009FD
:107760000290039890F84100212823D1FFE7029866
:1077700000B3FFE7FFE7FFE70398006850E8050F55
:1077800020F080000190FFE701990398026842E829
:1077900005100028F0D1FFE7FFE70398806B28B1C0
:1077A000FFE70398806BFDF78BF8FFE7039801F084
:1077B000BFFCFFE7039800684069C0F380100290A7
:1077C000039890F84200222823D1FFE7029800B3E3
:1077D000FFE7FFE7FFE70398006850E8050F20F098
:1077E00040000090FFE700990398026842E8051006
:1077F0000028F0D1FFE7FFE70398C06B28B1FFE74F
:107800000398C06BFDF75CF8FFE7039801F032FCCA
:10781000FFE7002004B080BD81B0009001B0704748
:1078200080B592B01190119800680068109011987E
:107830000068C0680F901198006840690E900020A1
:107840000D900C90109800F00F000D900D9888B9D5
:10785000FFE79DF84000800600280AD5FFE79DF865
:107860003C008006002804D5FFE7119801F07CFC5D
:10787000EAE1FFE70D98002800F0C280FFE79DF8DD
:107880003800C00738B9FFE7BDF83C0010F4907F1E
:1078900000F0B680FFE79DF84000C00758B1FFE751
:1078A0009DF83D00C00730B1FFE71199486C40F0EA
:1078B00001004864FFE79DF84000400700280BD511
:1078C000FFE79DF83800C00730B1FFE71199486C19
:1078D00040F002004864FFE79DF840008007002860
:1078E0000BD5FFE79DF83800C00730B1FFE71199CD
:1078F000486C40F004004864FFE79DF84000000732
:10790000002811D5FFE79DF83C008006002805D42B
:10791000FFE79DF83800C00730B1FFE71199486CC8
:1079200040F008004864FFE71198406C002866D0DA
:10793000FFE79DF84000800600280AD5FFE79DF884
:107940003C008006002804D5FFE7119801F00CFCEC
:10795000FFE7119800684069C0F380100C901198FF
:10796000406C0007002804D4FFE70C9800283ED0A4
:10797000FFE7119801F07EFB11980068406940060E
:1079800000282FD5FFE7FFE7FFE71198006850E8D0
:10799000050F20F040000B90FFE70B99119802684B
:1079A00042E805100028F0D1FFE7FFE71198C06B0F
:1079B00098B1FFE71198C16B48F6B160C0F60000BE
:1079C00008651198C06BFCF7F1FF28B1FFE711982B
:1079D000C06B016D8847FFE703E01198FFF71CFFBC
:1079E000FFE703E01198FFF717FFFFE706E01198A4
:1079F000FFF712FF119900204864FFE7FFE723E13A
:107A00001198006B012840F0FF80FFE79DF84000CF
:107A1000C006002840F1F880FFE79DF83C00C00652
:107A2000002840F1F180FFE7FFE700200A9011985D
:107A3000006800680A901198006840680A900A98E7
:107A4000FFE71198006840694006002840F18280F5
:107A5000FFE71198C06B00684068ADF82600BDF8DC
:107A60002600002875D0FFE7BDF826001199898D02
:107A700088426EDAFFE7BDF826001199C885119893
:107A8000C06BC069B0F5807F58D0FFE7FFE7FFE724
:107A90001198006850E8030F20F480700890FFE709
:107AA00008991198026842E803100028F0D1FFE716
:107AB000FFE7FFE7FFE71198006850E8050F20F0A7
:107AC00001000790FFE707991198026842E8051046
:107AD0000028F0D1FFE7FFE7FFE7FFE71198006814
:107AE00050E8050F20F040000690FFE70699119836
:107AF000026842E805100028F0D1FFE7FFE711997E
:107B0000202081F84200119900200863FFE7FFE779
:107B10001198006850E8030F20F010000590FFE76F
:107B200005991198026842E803100028F0D1FFE798
:107B3000FFE71198C06BFCF7C3FEFFE71199022025
:107B400048631198818DC28D891A89B2FFF7F8FDBB
:107B5000FFE779E01199888DC98D401AADF81200C0
:107B60001198C08D00284ED0FFE7BDF81200002804
:107B700049D0FFE7FFE7FFE71198006850E8030FDF
:107B800020F490700390FFE703991198026842E88F
:107B900003100028F0D1FFE7FFE7FFE7FFE71198A8
:107BA000006850E8050F20F001000290FFE70299FD
:107BB0001198026842E805100028F0D1FFE7FFE7BE
:107BC0001199202081F84200119900200863FFE7F5
:107BD000FFE71198006850E8030F20F010000190B3
:107BE000FFE701991198026842E803100028F0D1DC
:107BF000FFE7FFE71199022048631198BDF81210C2
:107C0000FFF79EFDFFE71FE09DF8400000060028FB
:107C10000AD5FFE79DF83C000006002804D5FFE7E1
:107C2000119801F07BFC0FE09DF840004006002811
:107C30000AD5FFE79DF83C004006002804D5FFE781
:107C4000119801F061FAFFE712B080BD80B582B0F3
:107C50000090009820B9FFE701208DF8070040E070
:107C60000098806908B1FFE700E0FFE7009890F80E
:107C7000410040B9FFE70099002081F840000098DA
:107C800000F034F8FFE70099242081F841000098C3
:107C90000168C86820F40050C860009801F01AFB21
:107CA00000980168086920F4904008610098016814
:107CB000486920F02A00486100980168C86840F4CB
:107CC0000050C860009900204864009A202182F882
:107CD0004110009A82F84210009948638DF807001D
:107CE000FFE79DF8070002B080BD000080B5A2B09C
:107CF0002190002020901F901E901D901C90219894
:107D0000006845F20001C4F20001884240F0BD80E5
:107D1000FFE7FFE700201B9043F64000C4F202009B
:107D2000016841F480110160006800F480101B902C
:107D30001B98FFE7FFE700201A9043F63000C4F2DB
:107D40000200016841F004010160006800F00400D5
:107D50001A901A98FFE7FFE70020199043F63000C9
:107D6000C4F20200016841F008010160006800F0FF
:107D7000080019901998FFE74FF480501C900220DA
:107D80000B901D9000200F901E9003200C901F90D0
:107D900008200D90209040F60000C4F202001CA9BB
:107DA0000E91FDF7F1F8DDF82CC00C9A0D980E99A4
:107DB0000F9B4FF0040ECDF870E0CDF874C01E9309
:107DC0001F92209040F60040C4F20200FDF7DCF85C
:107DD0000F9941F27440C2F20000109046F2100276
:107DE000C4F2020202604FF0006242608160C16032
:107DF0004FF48062026141618161C161016241624F
:107E0000FCF786FF18B1FFE7FBF7DEFBFFE7FFE7B4
:107E1000219841F27441C2F20001C1632198886344
:107E2000FFE741F2D440C2F200000A9046F2B801E6
:107E3000C4F2020101604FF00061416040218160A5
:107E40000021C1604FF48062026141618161C161C2
:107E500001624162FCF75CFF18B1FFE7FBF7B4FB7E
:107E6000FFE7FFE7219841F2D441C2F200018163AC
:107E700021988863FFE73520099003210022FDF750
:107E80000FFB0998FDF702FBE4E12198006841F23D
:107E90000001C4F20101884240F09180FFE7FFE752
:107EA0000020189043F64400C4F20200016841F03B
:107EB00010010160006800F0100018901898FFE7AA
:107EC000FFE70020179043F63000C4F2020001687B
:107ED00041F001010160006800F00100179017985F
:107EE000FFE74FF4C0601C9002201D9001201E90FF
:107EF00003201F90072020900020C4F202001CA93C
:107F0000FDF742F841F23450C2F20000089046F208
:107F10004041C4F2020101604FF000614160002164
:107F20008160C1604FF48062026141618161C16121
:107F300001624162FCF7ECFE18B1FFE7FBF744FB7E
:107F4000FFE7FFE7219841F23451C2F20001C1631B
:107F500021988863FFE741F29450C2F20000079035
:107F600046F2B841C4F2020101604FF00061416085
:107F7000402181600021C1604FF480620261416153
:107F80008161C16101624162FCF7C2FE18B1FFE785
:107F9000FBF71AFBFFE7FFE7219841F29451C2F289
:107FA0000001816321988863FFE725200690032163
:107FB0000022FDF775FA0698FDF768FA49E1219865
:107FC000006844F20041C4F20001884233D1FFE767
:107FD000FFE70020169043F64000C4F2020001685B
:107FE00041F400310160006800F4003016901698EA
:107FF000FFE7FFE70020159043F63000C4F20200CF
:10800000016841F001010160006800F00100159075
:108010001598FFE70C201C9002201D9000201E9058
:1080200003201F90072020900020C4F202001CA90A
:10803000FCF7AAFF0CE12198006844F60001C4F2A5
:108040000001884240F09280FFE7FFE70020149093
:1080500043F64000C4F20200016841F4802101604F
:10806000006800F4802014901498FFE7FFE70020D8
:10807000139043F63000C4F20200016841F002019F
:108080000160006800F0020013901398FFE74FF4BE
:1080900040601C9002201D9001201E9003201F9024
:1080A0000720209040F20040C4F202001CA9FCF717
:1080B0006BFF41F2F450C2F20000059046F2280135
:1080C000C4F2020101604FF0006141600021816053
:1080D000C1604FF48062026141618161C1610162EE
:1080E0004162FCF715FE18B1FFE7FBF76DFAFFE7F9
:1080F000FFE7219841F2F451C2F20001C1632198D7
:108100008863FFE741F25460C2F20000049046F237
:108110005801C4F2020101604FF00061416040214A
:1081200081600021C1604FF4806202614161816120
:10813000C16101624162FCF7EBFD18B1FFE7FBF79B
:1081400043FAFFE7FFE7219841F25461C2F20001D0
:10815000816321988863FFE727200390002211465E
:10816000FDF79EF90398FDF791F970E021980068FA
:1081700041F20041C4F20101884267D1FFE7FFE705
:108180000020129043F64400C4F20200016841F05E
:1081900020010160006800F0200012901298FFE7B3
:1081A000FFE70020119043F63000C4F2020001689E
:1081B00041F004010160006800F004001190119882
:1081C000FFE7C0201C9002201D90002001901E900F
:1081D00003201F900820209040F60000C4F2020007
:1081E0001CA9FCF7D1FE019941F2B460C2F2000073
:1081F000029046F22842C4F2020202604FF020626E
:1082000042608160C1604FF48062026141618161BE
:10821000C16101624162FCF77BFD18B1FFE7FBF72A
:10822000D3F9FFE7FFE7219841F2B461C2F2000100
:10823000C16321988863FFE7472000900121002255
:10824000FDF72EF90098FDF721F9FFE7FFE7FFE7BB
:10825000FFE7FFE722B080BD80B584B002900191B6
:10826000ADF80220029890F84200202817D1FFE7CD
:10827000019820B1FFE7BDF8020020B9FFE7012017
:108280008DF80F000FE00299002008630298019911
:10829000BDF8022001F0BCF88DF80F0003E00220C9
:1082A0008DF80F00FFE79DF80F0004B080BD0000BF
:1082B00080B582B00190019841F66811C2F20001C8
:1082C000884203D1FFE7FAF751F9FFE702B080BD1A
:1082D00081B0009001B0704780B58AB008900791D6
:1082E000ADF81A20059300200290089890F84100FC
:1082F000202840F08180FFE7079820B1FFE7BDF814
:108300001A0020B9FFE701208DF8270078E00899CE
:10831000002048640899212081F84100FDF728F8E1
:108320000290BDF81A0008998884BDF81A000899CF
:10833000C88408988068B0F5805F09D1FFE7089885
:10834000006928B9FFE7002004900798039004E033
:108350000798049000200390FFE7FFE70898C08C7F
:1083600078B3FFE70898029B05996A46116080215F
:10837000002201F01DF940B1FFE70899202081F8A3
:10838000410003208DF827003AE0049858B9FFE730
:10839000039800886FF35F20089909684860039884
:1083A0000230039008E00498007808990968486052
:1083B000049801300490FFE70899C88C0138C884FC
:1083C000CCE70898029B05996A461160402100227B
:1083D00001F0EEF840B1FFE70899202081F8410054
:1083E00003208DF827000BE00899202081F8410038
:1083F00000208DF8270003E002208DF82700FFE71A
:108400009DF827000AB080BD81B0009001B0704790
:10841000FFE7FEE780B582B001208DF8070007F086
:1084200005F940F6B051C2F200010968884204D350
:10843000FFE700208DF80700FFE79DF8070000F038
:10844000010002B080BD000080B582B041F224403E
:10845000C2F20000019046F20041C4F20001016046
:108460000321416000218160C1604FF4002202615C
:108470004FF4401242610176012242768176C27643
:1084800001774177FBF7E6FD18B1FFE7FBF79CF8B2
:10849000FFE702B080BD000080B582B041F24C40E1
:1084A000C2F20000019046F60001C4F20001016032
:1084B0000321416000218160C1604FF4002202610C
:1084C0004FF4401242610176012242768176C276F3
:1084D00001774177FBF7BEFD18B1FFE7FBF774F8B2
:1084E000FFE702B080BD000080B58AB0FFE7002042
:1084F000099043F63000C4F20200016841F4001113
:108500000160006800F4001009900998FFE7FFE798
:108510000020089043F63000C4F20200016841F4E4
:1085200080010160006800F4800008900898FFE76F
:108530000B200090002206921146FCF7B1FF009834
:10854000FCF7A4FF069A0C2001901146FCF7A8FF47
:108550000198FCF79BFF069A0E2002901146FCF74B
:108560009FFF0298FCF792FF069A2F200390114676
:10857000FCF796FF0398FCF789FF069A39200490D0
:108580001146FCF78DFF0498FCF780FF069A3A200D
:1085900005901146FCF784FF0598FCF777FF069AD3
:1085A000462007901146FCF77BFF0798FCF76EFF0B
:1085B0000AB080BD80B58EB000200D900C900B905D
:1085C0000A900990FFE70020089043F63000C4F2BB
:1085D0000200016841F080010160006800F0800045
:1085E00008900898FFE7FFE70020079043F6300067
:1085F000C4F20200016841F001010160006800F06E
:10860000010007900798FFE7FFE70020069043F678
:108610003000C4F20200016841F00201016000680C
:1086200000F0020006900698FFE7FFE700200590A3
:1086300043F63000C4F20200016841F00401016019
:10864000006800F0040005900598FFE7FFE70020B0
:10865000049043F63000C4F20200016841F00801C2
:108660000160006800F0080004900498FFE740F201
:108670000040C4F202000390C02101910022029246
:10868000FCF75EFE019A02990398099201220A9270
:108690000B910C9109A9FCF777FC0EB080BD00008E
:1086A00080B582B041F21870C2F20000019043F22E
:1086B0000001C4F2010101604FF4827141600021A8
:1086C0008160C160016141614FF4007282611822D2
:1086D000C2610162416281620A21C162FDF732FC1E
:1086E00018B1FFE7FAF770FFFFE702B080BD0000A6
:1086F00080B588B000210191079106910591049100
:108700000391029141F27070C2F200004FF080427A
:10871000026040F28F624260816040F60452C260A3
:1087200001618161FDF778FD18B1FFE7FAF74CFFB1
:10873000FFE74FF48050049041F27070C2F20000E5
:1087400004A9FDF7EDFE18B1FFE7FAF73DFFFFE7DB
:1087500000200290039041F27070C2F2000002A962
:10876000FDF7C8FC18B1FFE7FAF72EFFFFE708B0E6
:1087700080BD000080B588B000210191079106916D
:10878000059104910391029141F2B870C2F2000088
:1087900040F20042C4F200020260A72242608160FF
:1087A00040F2E732C26001618161FDF735FD18B129
:1087B000FFE7FAF709FFFFE74FF48050049041F21A
:1087C000B870C2F2000004A9FDF7AAFE18B1FFE7D5
:1087D000FAF7FAFEFFE700200290039041F2B8702A
:1087E000C2F2000002A9FDF785FC18B1FFE7FAF715
:1087F000EBFEFFE708B080BD80B588B00021019195
:1088000007910691059104910391029141F60000B0
:10881000C2F2000040F60042C4F20002026040F2E0
:1088200047324260816040F2E732C260016181619B
:10883000FDF7F2FC18B1FFE7FAF7C6FEFFE74FF4C9
:108840008050049041F60000C2F2000004A9FDF738
:1088500067FE18B1FFE7FAF7B7FEFFE700200290C6
:10886000039041F60000C2F2000002A9FDF742FCAD
:1088700018B1FFE7FAF7A8FEFFE708B080BD0000D7
:1088800080B582B000210191009141F64800C2F20A
:10889000000041F20042C4F2000202605322426032
:1088A000816040F2E732C2608161FDF7B5FC18B12A
:1088B000FFE7FAF789FEFFE700200090019041F6FC
:1088C0004800C2F200006946FDF714FC18B1FFE74A
:1088D000FAF77AFEFFE702B080BD000080B588B0ED
:1088E0000021009107910691059104910391029155
:1088F00041F69000C2F20000019040F20042C4F242
:108900000102026053224260816040F2E732C2609D
:10891000016141618161FDF77FFC18B1FFE7FAF762
:1089200053FEFFE74FF48050049041F69000C2F2EE
:10893000000004A9FDF7F4FD18B1FFE7FAF744FEC3
:10894000FFE700200290039041F69000C2F2000081
:1089500002A9FDF7CFFB18B1FFE7FAF735FEFFE7F5
:1089600008B080BD80B582B041F6B010C2F2000000
:10897000019045F20001C4F2000101604FF4612151
:10898000416000218160C16001610C22426181610E
:10899000C161FFF75BF918B1FFE7FAF715FEFFE7D2
:1089A00002B080BD80B582B041F6D800C2F20000AE
:1089B000019041F20001C4F2010101604FF4E13184
:1089C000416000218160C16001610C2242618161CE
:1089D000C161FFF73BF918B1FFE7FAF7F5FDFFE7D3
:1089E00002B080BD80B582B041F62010C2F2000016
:1089F000019044F20041C4F2000101604FF4E13102
:108A0000416000218160C16001610C22426181618D
:108A1000C161FFF71BF918B1FFE7FAF7D5FDFFE7D2
:108A200002B080BD80B582B041F66810C2F200008D
:108A3000019044F60001C4F2000101604FF4E131FD
:108A4000416000218160C16001610C22426181614D
:108A5000C161FFF7FBF818B1FFE7FAF7B5FDFFE7D3
:108A600002B080BD80B582B041F6F810C2F20000BD
:108A7000019041F20041C4F20101016048F2A0619D
:108A8000C0F2010141604FF4805181600021C1605A
:108A90004FF4806202610C2242618161C161FFF783
:108AA000D5F818B1FFE7FAF78FFDFFE702B080BDF8
:108AB000FFE7FEE7FFE7FEE788B007900691059223
:108AC000079800F0070004900498C0F107000528FB
:108AD00003D3FFE70420019004E00498C0F10700ED
:108AE0000190FFE70198039004980430062803D80A
:108AF000FFE70020009003E0049803380090FFE7B0
:108B00000098029006980399012202FA01F10139B6
:108B10000840029B984005999A40013A1140084349
:108B200008B07047704700007047000080B582B001
:108B3000009000980138B0F1807F03D3FFE7012057
:108B4000019019E0009801384EF21401CEF20001B4
:108B500008604FF0FF300F2106F0F4F84EF21801D4
:108B6000CEF20001002008604EF21002CEF20002A8
:108B7000072111600190FFE7019802B080BD00005D
:108B800080B5FCF7FBFB80BD4EF68851CEF20001AC
:108B9000086840F4700008607047000080B541F23A
:108BA0007070C2F20000FDF781FD80BD80B541F21A
:108BB000B870C2F20000FDF779FD80BD80B541F6C6
:108BC0000000C2F20000FDF771FD80BD80B541F6E6
:108BD0004800C2F20000FDF769FD80BD80B541F696
:108BE0009000C2F20000FDF761FD80BD83B00290ED
:108BF000019102980068009002980021C4F20101DE
:108C0000884225D0FFE70298B0F1804F20D0FFE7DF
:108C1000029840F20041C4F20001884218D0FFE7F8
:108C2000029840F60001C4F20001884210D0FFE72C
:108C3000029840F60041C4F20001884208D0FFE7E4
:108C4000029840F20041C4F2010188420AD1FFE7D4
:108C5000009820F070000090019841680098084347
:108C60000090FFE702980021C4F20101884255D02C
:108C7000FFE70298B0F1804F50D0FFE7029840F232
:108C80000041C4F20001884248D0FFE7029840F654
:108C90000001C4F20001884240D0FFE7029840F68C
:108CA0000041C4F20001884238D0FFE7029840F248
:108CB0000041C4F20101884230D0FFE7029844F23B
:108CC0000001C4F20101884228D0FFE7029844F273
:108CD0000041C4F20101884220D0FFE7029844F627
:108CE0000001C4F20101884218D0FFE7029841F662
:108CF0000001C4F20001884210D0FFE7029841F65B
:108D00000041C4F20001884208D0FFE7029842F215
:108D10000001C4F2000188420AD1FFE7009820F464
:108D2000407000900198C168009808430090FFE7E8
:108D3000009820F08000019949690843009000984C
:108D400002990860019880680299C86201980068D9
:108D50000299886202980021C4F20101884208D079
:108D6000FFE7029840F20041C4F20101884205D1B8
:108D7000FFE70198006902990863FFE70299012063
:108D8000486102980069C00730B1FFE7029908699D
:108D900020F001000861FFE703B0704785B0049040
:108DA000039102920193049880680090009820F447
:108DB0007F40009003980299019A41EA0221014301
:108DC00000980843009000980499886005B07047A7
:108DD00083B002900191029880680090009820F082
:108DE0007000009001980099084340F0070000903F
:108DF00000980299886003B07047000085B0049025
:108E0000039102920498006A00900499086A20F085
:108E100001000862049880690190019820F0F00038
:108E200001900299019840EA01100190009820F009
:108E30000A00009003990098084300900198049953
:108E4000886100980499086205B0704785B0049065
:108E5000039102920498006A00900499086A20F035
:108E600010000862049880690190019820F4704015
:108E700001900299019840EA01300190009820F099
:108E8000A00000900399009840EA0110009001981A
:108E90000499886100980499086205B07047000041
:108EA00080B541F6B010C2F20000FEF7B9FC80BDFB
:108EB00080B582B001900198806B009000990020ED
:108EC000C8850099C8840098FEF7A6FC02B080BD52
:108ED00080B584B00390002002900398806B0190CD
:108EE000019800684069C0B2C0090290019890F8EA
:108EF000410021280AD1FFE7029838B1FFE7019924
:108F00000020C884019800F013F9FFE70198006879
:108F10004069C0F380100290019890F84200222826
:108F20000AD1FFE7029838B1FFE701990020C88510
:108F3000019800F09FF8FFE70199486C40F010009D
:108F400048640198FEF768FC04B080BD80B586B027
:108F500005900598806B0490059800680068C0052E
:108F600000285AD4FFE704990020C885FFE7FFE7EF
:108F70000498006850E8030F20F480700390FFE726
:108F800003990498026842E803100028F0D1FFE733
:108F9000FFE7FFE7FFE70498006850E8050F20F0BF
:108FA00001000290FFE702990498026842E8051068
:108FB0000028F0D1FFE7FFE7FFE7FFE7049800682C
:108FC00050E8050F20F040000190FFE70199049858
:108FD000026842E805100028F0D1FFE7FFE7049996
:108FE000202081F842000498006B012814D1FFE78B
:108FF000FFE7FFE70498006850E8030F20F0100037
:109000000090FFE700990498026842E803100028E6
:10901000F0D1FFE7FFE7FFE7FFE70499002048638F
:109020000498006B012805D1FFE70498818DFEF7B5
:1090300087FB03E00498FFF73BF9FFE706B080BD2C
:1090400080B582B001900198806B0090009901205A
:1090500048630098006B012806D1FFE70098818DD6
:109060004908FEF76DFB03E00098FFF731F9FFE7D1
:1090700002B080BD84B00390FFE7FFE7039800686B
:1090800050E8030F20F490700290FFE702990398D4
:10909000026842E803100028F0D1FFE7FFE7FFE78E
:1090A000FFE70398006850E8050F20F001000190E9
:1090B000FFE701990398026842E805100028F0D103
:1090C000FFE7FFE70398006B012814D1FFE7FFE7F4
:1090D000FFE70398006850E8030F20F010000090AD
:1090E000FFE700990398026842E803100028F0D1D6
:1090F000FFE7FFE7FFE70399202081F8420003998B
:109100000020086304B0704780B582B001900198D8
:109110000168C86820F04000C8600199202081F8EB
:1091200041000198FFF770F9002002B080BD0000F7
:1091300082B00190FFE7FFE70198006850E8030F55
:1091400020F0C0000090FFE700990198026842E813
:1091500003100028F0D1FFE7FFE70199202081F8F4
:10916000410002B07047000080B586B004900498BA
:1091700090F84200222840F0A480FFE7049880681D
:10918000B0F5805F15D1FFE70498006988B9FFE763
:10919000002003900498806A029004980068406858
:1091A0006FF35F20029908800499886A0230886210
:1091B00025E00498806A039000200290049880685B
:1091C000B0F5805F08D0FFE70498806850B9FFE7EA
:1091D0000498006930B9FFE7049800684068039973
:1091E000087007E004980068406800F07F00039969
:1091F0000870FFE70499886A01308862FFE70499E4
:10920000C88D0138C8850004002856D1FFE70498AE
:109210000168C86820F02000C86004980168C86828
:1092200020F48070C86004980168486920F001004B
:1092300048610499202081F8420004990020486385
:109240000498006B012830D1FFE7049900200863DF
:10925000FFE7FFE70498006850E8030F20F01000D4
:109260000190FFE701990498026842E80310002882
:10927000F0D1FFE7FFE7049800680068C006002807
:109280000ED5FFE7FFE70020009004980068006813
:10929000009004980068406800900098FFE7FFE79E
:1092A0000498818DFEF74CFA03E00498FFF700F86C
:1092B000FFE700208DF8170007E000208DF8170069
:1092C00003E002208DF81700FFE79DF8170006B0B5
:1092D00080BD000080B586B00590059800680069E3
:1092E00020F44050059A1168D2681043086105992E
:1092F00088680B694A69C969184310430843049098
:1093000005980068C06849F20C61884304990843D5
:1093100005990968C86005980068406920F44070A4
:10932000059A11689269104348610598006841F2F6
:109330000001C4F20101884209D0FFE705980068E6
:1093400041F20041C4F20101884204D1FFE7FCF779
:1093500013FA039003E0FCF7FDF90390FFE705988B
:10936000C069B0F5004F29D1FFE703981921A0FB90
:109370000101059A1368029353685A00DB0FF7F74F
:1093800005F80299864648F21F53C5F2EB13AEFB6F
:109390000320420910014FF0640C02FB1CEC322246
:1093A00002EBCC02A2FB0332F82303EA521300EBD8
:1093B0004300C2F342121044886026E0039819214A
:1093C000A0FB0101059A1368019353689A009B0F53
:1093D000F6F7DCFF0199844648F21F52C5F2EB1202
:1093E000ACFB02304309642003FB10CC322000EBBD
:1093F0000C10A0FB0202F02000EA521000EB031058
:10940000C2F3431210448860FFE706B080BD00003D
:1094100080B588B007900691ADF816200698079998
:109420008862BDF81600079988850799002048646E
:10943000079A222182F842100799CA6B48F64D71AB
:10944000C0F60001D1630799CA6B49F24101C0F629
:10945000000111640799CA6B48F6D161C0F600019A
:10946000D1640799C96B086506A80490079801683C
:10947000C06B0431049A1268BDF81630FBF700FD8A
:10948000FFE70020039007980068006803900798A2
:109490000068406803900398FFE707980069A0B14F
:1094A000FFE7FFE7FFE70798006850E8030F40F485
:1094B00080700290FFE702990798026842E8031063
:1094C0000028F0D1FFE7FFE7FFE7FFE7FFE7079896
:1094D000006850E8050F40F001000190FFE7019996
:1094E0000798026842E805100028F0D1FFE7FFE77F
:1094F000FFE7FFE70798006850E8050F40F04000DD
:109500000090FFE700990798026842E805100028DC
:10951000F0D1FFE7FFE7002008B080BD83B00190E5
:10952000019890F8410021283AD1FFE7019880681E
:10953000B0F5805F13D1FFE70198006978B9FFE7C4
:109540000198006A0090009800886FF35F200199ED
:10955000096848600199086A0230086208E0019AC7
:10956000106A411C11620078019909684860FFE7A0
:109570000199C88C0138C884000468B9FFE70198D4
:109580000168C86820F08000C86001980168C86858
:1095900040F04000C860FFE700208DF80B0003E0BA
:1095A00002208DF80B00FFE79DF80B0003B0704719
:1095B00080B586B0DDF820C0049003918DF80B20B3
:1095C0000193FFE704980068006803990840401A77
:1095D000B0FA80F040099DF80B1088424DD1FFE7AA
:1095E00008980130002847D0FFE7FBF7C1FE01993A
:1095F000401A0899884203D8FFE7089820B9FFE786
:1096000003208DF817003CE004980068C06840070C
:10961000002830D5FFE7039880282CD0FFE7039877
:10962000402828D0FFE704980068006800F008018F
:109630000120B0EBD10F1DD1FFE7FFE70020009024
:1096400004980068006800900498006840680090E2
:109650000098FFE70498FFF70DFD0499082048647F
:10966000FFE70499002081F84000FFE701208DF812
:10967000170006E0FFE7FFE7A4E700208DF81700DA
:10968000FFE79DF8170006B080BD000080B541F6E9
:10969000D800C2F20000FEF7C3F880BD80B541F2E9
:1096A000F450C2F20000F8F7BBFF41F66810C2F2B6
:1096B0000000FEF7B5F880BD80B541F6F810C2F2A3
:1096C0000000FEF7ADF880BDFFE7FEE780B505F0CE
:1096D00091FB80BD80B505F075FB80BD80B505F0C0
:1096E00079FB05F08FFB05F08DFC05F0E7FD05F03B
:1096F00053FE05F08FFE05F09BFE05F0A7FE05F07A
:10970000B3FE05F0BFFE05F08DFB05F099FB05F0FB
:10971000A5FB05F0B1FB05F0BDFB05F0DBFB05F09B
:10972000F9FB05F015FC05F031FC05F04DFC05F0EA
:1097300079FC05F099FC05F0B7FC05F0D7FC05F0C5
:10974000F5FC05F01BFD05F03DFD05F065FD05F0A0
:1097500085FD05F08BFD05F0C1FD05F0C7FD05F0A9
:10976000CDFD05F0D3FD05F0DBFD05F0E3FD05F0D3
:10977000EBFD05F0F3FD05F0FBFD05F003FE05F044
:1097800017FE05F01FFE05F027FE05F02FFE05F081
:1097900037FE80BD80B505F025FB80BD00000000D0
:1097A00080B58AB041F21430C2F20000102104F0FA
:1097B00093FA002855D0FFE741F65C60C2F2000042
:1097C0000088C83006F0D6FE41EC100B8DED080B7A
:1097D00041F29420C2F20000007840F24451C2F2FB
:1097E0000001B1F854101439484306F0C3FE41ECAF
:1097F000100B51EC100B9FEDC40B53EC102B06F02B
:1098000049FF9DED080B41EC110B51EC110B53EC92
:10981000102B06F0BFFD41EC100B51EC100B06F0C5
:1098200087FD41F26821C2F20001086040F6146031
:10983000C2F2000090ED000ABDEEC00A10EE100A60
:1098400041F21431C2F20001488340F6B850C2F22E
:10985000000090ED000ABDEEC00A10EE100A088369
:1098600053E041F65C60C2F20000008806F082FE20
:1098700041EC100B8DED060B41F29420C2F200007A
:10988000007840F24451C2F20001B1F8541014398A
:10989000484306F06FFE41EC100B51EC100B9FEDAE
:1098A000980B53EC102B06F0F5FE9DED060B41ECEA
:1098B000110B51EC110B53EC102B06F06BFD41EC2E
:1098C000100B51EC100B06F033FD41F26821C2F28F
:1098D0000001086040F61460C2F2000090ED000A3A
:1098E000BDEEC00A10EE100A41F21431C2F20001BE
:1098F000488340F6B850C2F2000090ED000ABDEE79
:10990000C00A10EE100A0883FFE740F23200C2F2EC
:1099100000000078002840F0EE80FFE741F294203C
:10992000C2F200000078002879D0FFE740F614600A
:10993000C2F2000090ED000A41F2E030C2F20000F5
:1099400090ED003A40F6B850C2F20000049090ED5D
:10995000001A41F2E830C2F2000090ED002A21EE38
:10996000025A20EE034A34EE454A8DED014A20EEBC
:10997000022A21EE031A31EE021A8DED021A41F28B
:109980009C20C2F2000090ED001A8DED031AB1EE9A
:10999000400A05F093F904988DED050A90ED000A50
:1099A000B1EE400A05F08AF9B0EE401A9DED050AC5
:1099B000B4EE410AF1EE10FA0DDAFFE740F614605A
:1099C000C2F2000090ED000AB1EE400A05F076F90F
:1099D0008DED000A0CE040F6B850C2F2000090EDA8
:1099E000000AB1EE400A05F069F98DED000AFFE7C3
:1099F000DDED020A9DED010A9DED032A9DED001AA1
:109A0000B6EE003A21EE031A31EE021A40F6785013
:109A1000C2F200004FF4FA5103F0A8FE6AE041F2EE
:109A20007130C2F20000007801282FD1FFE740F624
:109A30001460C2F2000090ED002A41F2E030C2F260
:109A4000000090ED003A40F6B850C2F2000090EDF0
:109A5000001A41F2E830C2F2000090ED004A21EE17
:109A6000045A22EE030A30EE450A22EE042A21EEC1
:109A7000031A71EE020A40F67850C2F200009FED20
:109A8000241A4FF4FA5103F071FE32E040F61460EC
:109A9000C2F2000090ED002A41F2E030C2F2000074
:109AA00090ED003A40F6B850C2F2000090ED001A76
:109AB00041F2E830C2F2000090ED004A21EE045A73
:109AC00022EE030A30EE450A22EE042A21EE031AA2
:109AD00071EE020A41F2FC00C2F2000090ED101A91
:109AE00040F67850C2F200004FF4FA5103F03EFE07
:109AF000FFE7FFE7FFE70AB080BD00BF00BF00BF80
:109B00009A9999999999D93F333333333333F33F42
:109B10000000000086B08DED050ACDED040A8DED44
:109B2000031A02909DED030A9DED041A30EE410ADE
:109B30008DED010A049800909DED050A9DED031A34
:109B4000B4EE410AF1EE10FA03DDFFE70398059049
:109B50000DE09DED050A9DED041AB4EE410AF1EE0B
:109B600010FA03DAFFE704980590FFE7FFE79DEDA1
:109B7000050A9DED001A30EE410A02990120884045
:109B8000013801EE100AB8EEC11A20EE010A9DED6F
:109B9000011A80EE010ABDEEC00A10EE100A06B0EE
:109BA0007047000086B005908DED040ACDED030AE4
:109BB00002919DED030A9DED041A30EE410A8DEDF0
:109BC000010A049800909DED050AB8EEC00A9DEDCB
:109BD000011A20EE010A029901208840013801EEA5
:109BE000100AB8EEC11A80EE010A9DED001A30EE9F
:109BF000010A06B07047000080B582B041F214300F
:109C0000C2F20000402104F067F80146002918BFA5
:109C1000012141F27920C2F2000003F0C7FF0228BF
:109C200039D1FFE741F29420C2F20000007898B9E0
:109C3000FFE741F29421C2F200010120087040F6D2
:109C40007451C2F20001088820F0100008800888D2
:109C500040F0080008801DE041F29421C2F20001AA
:109C60000020087041F29C21C2F20001086041F21C
:109C70006421C2F20001088041F29821C2F2000181
:109C8000086040F67451C2F20001088820F0080014
:109C90000880FFE7FFE741F29420C2F2000000785D
:109CA00040B9FFE741F27030C2F2000000780428AA
:109CB00007D1FFE741F2A020C2F200000088009027
:109CC00002E000200090FFE7009800EE100AB8EED6
:109CD000C00A8DED010A9DED010A41F29C20C2F2FD
:109CE0000000F2EE040A01F0E7FC41F29420C2F217
:109CF00000000178002918BF012141F27420C2F24E
:109D0000000003F053FF014641F27520C2F200004B
:109D10000170007802280DD1FFE741F2DC11C2F298
:109D200000010120087040F21401C2F20001052078
:109D3000088014E041F27520C2F20000007801288A
:109D40000CD1FFE741F2DC11C2F2000101200870E2
:109D500040F21401C2F200010880FFE7FFE702B001
:109D600080BD000080B59AB00020CCF28000199030
:109D70000020C4F2C810189000208DF85F0041F256
:109D80007030C2F200000078072804D1FFE70120FC
:109D90008DF85F0020E041F27030C2F200000078E0
:109DA000032804D1FFE702208DF85F0013E041F2A1
:109DB0007030C2F20000007806280BD1FFE741F6B0
:109DC000A030C2F20000007820B1FFE703208DF838
:109DD0005F00FFE7FFE7FFE79DF85F0041F2F0312A
:109DE000C2F200010978884200F0B180FFE702F07A
:109DF00057FB02F099FC02F083FF03F04DF841F2AB
:109E00008431C2F20001002008609DF85F00012843
:109E100006D0FFE79DF85F00032840F08380FFE74E
:109E200041F29C31C2F200014FF04040086040F620
:109E30003060C2F2000090ED060A9FEDDC1AB4EE2D
:109E4000410AF1EE10FA05DAFFE79FEDD80A8DED31
:109E5000130A20E040F63060C2F2000090ED060ADE
:109E60009FEDD31AB4EE410AF1EE10FA05DDFFE7DB
:109E70009FEDCF0A8DED120A08E040F63060C2F285
:109E8000000090ED060A8DED120AFFE79DED120A23
:109E90008DED130AFFE79DED130A41F2F430C2F293
:109EA000000080ED000A41F2F410C2F2000090EDD3
:109EB000060A9FEDC01AB4EE410AF1EE10FA05DA77
:109EC000FFE79FEDBC0A8DED110A20E041F2F4108E
:109ED000C2F2000090ED060A9FEDB71AB4EE410AF7
:109EE000F1EE10FA05DDFFE79FEDB30A8DED100AE4
:109EF00008E041F2F410C2F2000090ED060A8DED88
:109F0000100AFFE79DED100A8DED110AFFE79DEDA8
:109F1000110A41F2F830C2F2000080ED000A02F0AE
:109F20008DFAFFE79DF85F00022808D1FFE741F2B4
:109F30009C31C2F200014FF040400860FFE79DF8FD
:109F40005F0041F2F031C2F200010870FFE741F218
:109F50009C30C2F2000090ED000AB9EE001AB4EE97
:109F6000410AF1EE10FA05DAFFE7B9EE000A8DEDCD
:109F70000F0A20E041F29C30C2F2000090ED000A8E
:109F8000B3EE091AB4EE410AF1EE10FA05DDFFE76F
:109F9000B3EE090A8DED0E0A08E041F29C30C2F2E0
:109FA000000090ED000A8DED0E0AFFE79DED0E0A10
:109FB0008DED0F0AFFE79DED0F0A41F29C30C2F2D2
:109FC000000080ED000A41F27030C2F2000000781B
:109FD000072812D0FFE741F27030C2F2000000788B
:109FE000062840F0C980FFE741F6A030C2F2000029
:109FF0000078002800F0C080FFE70020169041F2B2
:10A000007030C2F200000078072823D1FFE741F248
:10A010001430C2F20000008C00B20C9000280D90A9
:10A0200002D50C9840420D900D98152811DBFFE7E2
:10A0300041F21430C2F20000B0F9200000EE100A24
:10A04000B8EEC00A9FED5D1A80EE010A8DED160A8A
:10A05000FFE732E041F27030C2F2000000780628DB
:10A060002AD1FFE741F6A030C2F20000007818B311
:10A07000FFE741F21430C2F20000802103F02CFE11
:10A08000D0B1FFE741F21430C2F20000202103F00A
:10A0900023FEBFEE001AB7EE000A002818BFB0EE8C
:10A0A000410A8DED160A9DED160A9FED451A80EEC8
:10A0B000010A8DED160AFFE7FFE740F23401C2F214
:10A0C00000010020C4F2600008609DED160A41F214
:10A0D000F430C2F200000A9041F2F831C2F20001FD
:10A0E0000B9102F0FDF90A9890ED000A40F63060FD
:10A0F000C2F20000D0ED060A90ED071A41F6C0202A
:10A10000C2F2000041F63031C2F2000141F2743275
:10A11000C2F2000241F2A833C2F2000302F06AF870
:10A120000B9841F6A431C2F20001096881ED040ADE
:10A1300090ED000A41F2F410C2F20000D0ED060AE0
:10A1400090ED071A41F67050C2F2000041F6E0515E
:10A15000C2F2000141F28032C2F2000241F2C43385
:10A16000C2F2000302F046F841F6A830C2F2000045
:10A17000006880ED040A2DE241F27030C2F2000066
:10A180000078032822D0FFE741F27030C2F20000CD
:10A19000007806281AD0FFE741F27030C2F20000C2
:10A1A0000078042840F0F08110E000BFD72F104065
:10A1B0007E1D3E40F94925C04F23EDBF00E8804792
:10A1C0000000254400000000CDCC4C3E02F0D6FD3E
:10A1D0008DED150A03F092F88DED140A02F044FAA1
:10A1E00030B3FFE702F05CF902F09EFA02F088FD5E
:10A1F00040F23401C2F2000149F69A10C3F6197018
:10A20000086041F2D830C2F20000016841F28432A5
:10A21000C2F20002116090ED000A5FED160AB3EE83
:10A220000E1A5FED171AB6EE002A02F049FED1E1D0
:10A2300040F23401C2F200010020C4F26000086064
:10A2400040F6C850C2F2000090ED000AB8EE081ABD
:10A25000B4EE410AF1EE10FA13DAFFE740F6C85007
:10A26000C2F2000090ED000AB0EE0C1A20EE010AD6
:10A27000B0EEC00A41F2C030C2F2000080ED000A28
:10A2800012E041F2C030C2F2000090ED001AB1EECF
:10A29000040A30EE410A9FEDD02A20EE020A30EE89
:10A2A000010A80ED000AFFE741F29C30C2F2000093
:10A2B0004FF04041016090ED000A40F6C850C2F2F4
:10A2C0000000D0ED000A41F6AC30C2F20000089068
:10A2D000B3EE041A04F02EFA089890ED100A40F636
:10A2E000CC50C2F20000D0ED000A41F6FC40C2F2B0
:10A2F0000000099004F074FB099890ED100A41F2F7
:10A300008430C2F2000090ED001A30EE410ABFEE38
:10A31000001AB4EE410AF1EE10FA05DAFFE7BFEEDB
:10A32000000A8DED070A30E041F6FC40C2F2000061
:10A3300090ED100A41F28430C2F2000090ED001A54
:10A3400030EE410AB7EE001AB4EE410AF1EE10FA0F
:10A3500005DDFFE7B7EE000A8DED060A10E041F6D5
:10A36000FC40C2F2000090ED100A41F28430C2F2CB
:10A37000000090ED001A30EE410A8DED060AFFE76D
:10A380009DED060A8DED070AFFE79DED071A41F2E4
:10A390008430C2F2000090ED000A30EE010A80ED38
:10A3A000000A90ED000A9FED8D1AB4EE410AF1EE1D
:10A3B00010FA05DAFFE79FED890A8DED050A20E026
:10A3C00041F28430C2F2000090ED000A9FED841A41
:10A3D000B4EE410AF1EE10FA05DDFFE79FED800AC9
:10A3E0008DED040A08E041F28430C2F2000090EDE5
:10A3F000000A8DED040AFFE79DED040A8DED050AC4
:10A40000FFE79DED050A41F28430C2F2000080EDC5
:10A41000000A90ED000A41F2C030C2F2000090ED57
:10A42000001A30EE010A9DED151A30EE010A9DED7D
:10A43000141A30EE010A9FED6B1AB4EE410AF1EEE8
:10A4400010FA05DAFFE79FED670A8DED030A40E099
:10A4500041F28430C2F2000090ED000A41F2C030B7
:10A46000C2F2000090ED001A30EE010A9DED151ABF
:10A4700030EE010A9DED141A30EE010A9FED5A1AD2
:10A48000B4EE410AF1EE10FA05DDFFE79FED560A42
:10A490008DED020A18E041F28430C2F2000090ED26
:10A4A000000A41F2C030C2F2000090ED001A30EE16
:10A4B000010A9DED151A30EE010A9DED141A30EED9
:10A4C000010A8DED020AFFE79DED020A8DED030AF8
:10A4D000FFE79DED030A41F27830C2F2000080ED03
:10A4E000000A02F085FABBEE021AB4EE410AF1EE60
:10A4F00010FA05DAFFE7BBEE020A8DED010A18E05B
:10A5000002F076FAB3EE021AB4EE410AF1EE10FA56
:10A5100005DDFFE7B3EE020A8DED000A04E002F06C
:10A5200067FA8DED000AFFE79DED000A8DED010A47
:10A53000FFE79DED010A41F27C30C2F2000080EDA0
:10A54000000A02F0FBF970B1FFE741F6A430C2F255
:10A55000000001680020086141F6A831C2F2000144
:10A560000968086136E041F27830C2F2000090EDEF
:10A57000000A41F27C30C2F20000D0ED000A9FEDEB
:10A580001A1A02F057F824E040F6C850C2F2000050
:10A59000006841F29C31C2F20001086002F07CFCCC
:10A5A00001F07EFF02F0C0F802F0AAFB41F2843114
:10A5B000C2F200010020086041F6A431C2F200019D
:10A5C0000968086141F6A831C2F200010968086112
:10A5D000FFE7FFE71AB080BDCDCCCC3D000020C224
:10A5E00000002042000018C20000184280B582B06E
:10A5F00040F22C20C2F20000C069B0F5887F0DD176
:10A60000FFE740F22C20C2F2000000F1380141F2D5
:10A610001430C2F2000003F077FBFFE740F22C2079
:10A62000C2F20000C06940F21311884230D1FFE746
:10A6300040F22C20C2F20000009000F1380141F2FB
:10A640001430C2F2000003F0DBFB009890F83A20CF
:10A6500090F83B1041EA022140F67252C2F2000229
:10A66000118090F83C2090F83D1041EA022140F61C
:10A67000B452C2F20002118090F83E1090F83F00F0
:10A6800040EA012041F2F401C2F200010880FFE734
:10A6900040F22C20C2F20000C06940F2231188422F
:10A6A00053D1FFE740F22C20C2F2000090F839109D
:10A6B0008DF8041090F83A108DF8051090F83B10C2
:10A6C0008DF8061090F83C108DF8071090F83800BF
:10A6D00038B9FFE7019840F6C851C2F2000108609E
:10A6E00032E040F22C20C2F2000090F8380001283D
:10A6F00007D1FFE7019840F6C051C2F2000108609F
:10A7000021E040F22C20C2F2000090F8380002282C
:10A7100007D1FFE7019840F6CC51C2F20001086072
:10A7200010E040F22C20C2F2000090F8380003281C
:10A7300007D1FFE7019840F6C451C2F2000108605A
:10A74000FFE7FFE7FFE7FFE7FFE740F22C20C2F259
:10A750000000C069B0F5907F51D1FFE740F22C2393
:10A76000C2F20003188F40BA00EE100AB8EEC00A19
:10A7700041F27C22C2F2000282ED000A588F40BAF8
:10A7800000EE100AB8EEC00A41F28421C2F20001C4
:10A7900081ED000A988F40BA00EE100AB8EEC00AA8
:10A7A00041F28C20C2F2000080ED000A93F83F30A5
:10A7B00041F2723CC2F2000C8CF8003092ED000ABB
:10A7C0009FED101A80EE010A41F28022C2F20002CF
:10A7D00082ED000A91ED000A80EE010A41F2882123
:10A7E000C2F2000181ED000A90ED000A80EE010A3C
:10A7F00041F29020C2F2000080ED000AFFE702B0B3
:10A8000080BD00BF0000C84280B590B041F27030FA
:10A81000C2F20000007840B1FFE741F27030C2F2AE
:10A820000000007805280ED1FFE76846002343604A
:10A83000036040F28020C2F200004FF400711A461B
:10A8400003F018FEEBE241F28820C2F2000090ED26
:10A85000000AB3EE041A80EE010A40F68850C2F2F4
:10A86000000080ED050A41F27230C2F2000000786B
:10A8700001460F9120B1FFE70F9801280ED02CE17F
:10A8800040F68851C2F200014FF07E50086241F25A
:10A890008821C2F20001002008601EE141F28820F8
:10A8A000C2F20000006806F0E1F841EC100B9FEDE9
:10A8B000D61B53EC112B51EC100B06F025F940B9C7
:10A8C000FFE740F68851C2F200014FF07E50086267
:10A8D00002E141F28820C2F20000006806F0C6F8EA
:10A8E00041EC100B9FEDCA1B53EC112B51EC100BDC
:10A8F00006F00AF900283ED1FFE741F28820C2F2B3
:10A900000000006806F0B2F841EC100B9FEDBE1B92
:10A9100053EC112B51EC100B06F0E8F858BBFFE795
:10A9200040F68851C2F200014869086241F21430D1
:10A93000C2F20000102103F0CFF9D8B1FFE740F6D2
:10A940008850C2F200000E90406906F08FF841EC8A
:10A95000100B9FEDB11B53EC112B51EC100B05F0BC
:10A9600099FE41EC100B51EC100B05F0E1FC0E9937
:10A970000862FFE7AFE041F28820C2F20000006801
:10A9800006F074F841EC100B9FEDA51B53EC112B56
:10A9900051EC100B06F0B8F800284FD1FFE741F258
:10A9A0008820C2F20000006806F060F841EC100B4D
:10A9B0009FED971B53EC112B51EC100B06F096F802
:10A9C000E0BBFFE740F68850C2F2000090ED050AB8
:10A9D00020EE000AB1EE041A20EE010AB1EE001AD0
:10A9E00080EE010A80ED080A41F21430C2F2000044
:10A9F000102103F071F900B3FFE740F68850C2F26E
:10AA000000000D9090ED050A20EE000A10EE100AED
:10AA100006F02CF841EC100B9FED7F1B53EC112B33
:10AA200051EC100B05F036FE41EC100B51EC100B05
:10AA300005F07EFC0D990862FFE74BE041F28820AB
:10AA4000C2F20000006806F011F841EC100B9FED17
:10AA5000741B53EC112B51EC100B06F047F8C0BBE4
:10AA6000FFE740F68850C2F2000090ED051A21EE93
:10AA7000010A20EE010A80ED080A41F21430C2F208
:10AA80000000102103F028F910B3FFE740F68850CA
:10AA9000C2F200000C9090ED051A21EE010A20EEA2
:10AAA000010A10EE100A05F0E1FF41EC100B51EC29
:10AAB000100B9FEDDD0B53EC102B05F0EBFD41EC83
:10AAC000100B51EC100B05F033FC0C990862FFE7FA
:10AAD000FFE7FFE7FFE7FFE7FFE740F68850C2F236
:10AAE00000000A9090ED080A9FEDD11A20EE010AAD
:10AAF00080ED060A41F28400C2F2000090ED100AD7
:10AB000004F0DCF88DED080A40F66470C2F2000033
:10AB100090ED100A04F0D2F8B0EE401A9DED080A4C
:10AB200030EE010A8DED090A40F6D460C2F2000051
:10AB300090ED100A04F0C2F8B0EE401A9DED090A3B
:10AB400030EE010A8DED0B0A40F6F470C2F20000FF
:10AB500090ED100A04F0B2F80A98B0EE401A9DED9C
:10AB60000B0A30EE010A80ED070A90ED061A90ED0F
:10AB7000070AB4EE410AF1EE10FAC0F2FC80FFE7DA
:10AB800040F68850C2F2000090ED040A8DED070AED
:10AB900041F28400C2F2000090ED100A04F08EF839
:10ABA000B0EE401A9DED070AB4EE410AF1EE10FA3C
:10ABB0000FDDFFE741F28400C2F2000090ED100AC1
:10ABC00004F07CF840F68850C2F2000080ED040AE0
:10ABD000FFE740F68850C2F2000090ED040A8DEDC8
:10ABE000060A40F66470C2F2000090ED100A04F00C
:10ABF00065F8B0EE401A9DED060AB4EE410AF1EE9A
:10AC000010FA20DD10E000BF000000000000284026
:10AC10000000000000002440000000000000F83F99
:10AC2000000000000000204040F66470C2F2000006
:10AC300090ED100A04F042F840F68850C2F200008D
:10AC400080ED040AFFE740F68850C2F2000090ED64
:10AC5000040A8DED050A40F6D460C2F2000090EDC2
:10AC6000100A04F02BF8B0EE401A9DED050AB4EE80
:10AC7000410AF1EE10FA0FDDFFE740F6D460C2F2B0
:10AC8000000090ED100A04F019F840F68850C2F266
:10AC9000000080ED040AFFE740F68850C2F2000091
:10ACA00090ED040A8DED040A40F6F470C2F2000043
:10ACB00090ED100A04F002F8B0EE401A9DED040A7F
:10ACC000B4EE410AF1EE10FA0FDDFFE740F6F47042
:10ACD000C2F2000090ED100A03F0F0FF40F6885039
:10ACE000C2F2000080ED040AFFE741F28400C2F2E4
:10ACF000000090ED100A40F68850C2F20000039068
:10AD000090ED061A90ED072A80EE020A20EE010A65
:10AD100080ED000A40F66471C2F2000191ED100A64
:10AD200090ED061A90ED072A80EE020A20EE010A45
:10AD300080ED010A40F6D461C2F2000191ED100AE3
:10AD400090ED061A90ED072A80EE020A20EE010A25
:10AD500080ED020A40F6F471C2F2000191ED100A92
:10AD600090ED061A90ED072A80EE020A20EE010A05
:10AD700080ED030A2AE041F28401C2F2000148F2A8
:10AD8000000CC4F23B6CC1F81CC040F66473C2F204
:10AD90000003C3F81CC040F6D462C2F20002C2F83D
:10ADA0001CC040F6F470C2F20000C0F81CC0D1F81C
:10ADB00040C040F68851C2F20001C1F800C01B6CCF
:10ADC0004B60126C8A60006CC860FFE740F68850E8
:10ADD000C2F2000090ED003A90ED012A90ED021AC7
:10ADE00090ED030ABDEEC33A13EE102ABDEEC22A5F
:10ADF00012EE103ABDEEC11A11EE100ABDEEC00AF5
:10AE000010EE10CA6946C1F804C0086040F2802004
:10AE1000C2F200004FF4007103F02CFBFFE710B00A
:10AE200080BD00BF00BF00BF000000000000F83F71
:10AE300000803B4780B586B041F21430C2F200007A
:10AE40000490012102F048FF014604980591022177
:10AE500002F042FF01460598401A00EE100AB8EED3
:10AE6000C00A41F26820C2F2000090ED001A20EE04
:10AE7000010A40F6BC50C2F2000080ED000A41F227
:10AE80009420C2F20000007820B3FFE741F21430B2
:10AE9000C2F200000290082102F01EFF0146029853
:10AEA0000391042102F018FF01460398401A00EEB6
:10AEB000100AB8EEC00A41F26820C2F2000090ED1C
:10AEC000001A20EE010A40F61860C2F2000080ED80
:10AED000000A23E041F21430C2F200000090082181
:10AEE00002F0FAFE014600980191042102F0F4FEFE
:10AEF00001460198401A00EE100AB8EEC00A41F26D
:10AF00006820C2F2000090ED001A20EE010A40F61F
:10AF10001860C2F2000080ED000AFFE740F6B8506A
:10AF2000C2F2000090ED000AB5EE400AF1EE10FA10
:10AF30001BDDFFE740F6BC50C2F2000090ED000AB6
:10AF400040F26410C2F20000D0ED000A40F2681036
:10AF5000C2F20000D0ED001A40F6B850C2F2000074
:10AF6000B0EE611A00F02AFC1AE040F6BC50C2F2C2
:10AF7000000090ED000A40F26810C2F20000D0ED2F
:10AF8000001A40F26410C2F2000090ED001A40F680
:10AF9000B850C2F20000F0EE610A00F00FFCFFE7CB
:10AFA00040F61460C2F2000090ED000AB5EE400ACF
:10AFB000F1EE10FA1BDDFFE740F61860C2F2000068
:10AFC00090ED000A40F27410C2F20000D0ED000AC9
:10AFD00040F27810C2F20000D0ED001A40F6146082
:10AFE000C2F20000B0EE611A00F0E8FB1AE040F691
:10AFF0001860C2F2000090ED000A40F27810C2F230
:10B000000000D0ED001A40F27410C2F2000090ED82
:10B01000001A40F61460C2F20000F0EE610A00F07F
:10B02000CDFBFFE706B080BD80B594B008A8302105
:10B03000F5F7D0FA00200790069005900490039051
:10B04000FFE70020029043F64000C4F202000168CE
:10B0500041F080510160006800F080500290029839
:10B06000FFE7FFE70020019047F20000C4F2000074
:10B07000016841F480410160006800F48040019063
:10B080000198FFE7012008904FF4803009900221D9
:10B090000E914FF480000F9004201090A82211927E
:10B0A0001291139008A8FAF7EDFB18B1FFE7F8F733
:10B0B0008BFAFFE70F2003900220049000200590F8
:10B0C0004FF4A05006904FF48050079003A805213C
:10B0D000FAF708FA18B1FFE7F8F776FAFFE714B0C5
:10B0E00080BD000040F24450C2F20000B0F85400AD
:10B0F00002281CDBFFE740F24450C2F20000B0F827
:10B1000054002C2813DCFFE741F26420C2F2000057
:10B110000188C83141F65C62C2F2000211800088E9
:10B12000FA3041F2A021C2F2000108803AE240F276
:10B130004450C2F20000B0F854002D281DDBFFE798
:10B1400040F24450C2F20000B0F85400312814DC40
:10B15000FFE741F26420C2F200000188E63141F6C7
:10B160005C62C2F200021180008800F58C7041F22E
:10B17000A021C2F20001088013E240F24450C2F262
:10B180000000B0F8540032281EDBFFE740F24450C4
:10B19000C2F20000B0F85400362815DCFFE741F297
:10B1A0006420C2F20000018801F5827141F65C6200
:10B1B000C2F200021180008800F5967041F2A021D1
:10B1C000C2F200010880EBE140F24450C2F20000FC
:10B1D000B0F8540037281EDBFFE740F24450C2F2BB
:10B1E0000000B0F854003B2815DCFFE741F2642072
:10B1F000C2F20000018801F5967141F65C62C2F26C
:10B2000000021180008800F5AA7041F2A021C2F26C
:10B2100000010880C3E140F24450C2F20000B0F8DF
:10B2200054003C281EDBFFE740F24450C2F200000D
:10B23000B0F85400402815DCFFE741F26420C2F268
:10B240000000018801F5A57141F65C62C2F20002BE
:10B250001180008800F5B47041F2A021C2F2000113
:10B2600008809BE140F24450C2F20000B0F8540064
:10B2700041281EDBFFE740F24450C2F20000B0F864
:10B280005400452815DCFFE741F26420C2F20000BB
:10B29000018801F5B47141F65C62C2F200021180CE
:10B2A000008800F5C87041F2A021C2F200010880B8
:10B2B00073E140F24450C2F20000B0F85400462856
:10B2C0001EDBFFE740F24450C2F20000B0F8540029
:10B2D0004A2815DCFFE741F26420C2F20000018831
:10B2E00001F5C37141F65C62C2F200021180008870
:10B2F00000F5DC7041F2A021C2F2000108804BE1B0
:10B3000040F24450C2F20000B0F854004B281EDB5B
:10B31000FFE740F24450C2F20000B0F854004F285A
:10B3200015DCFFE741F26420C2F20000018801F55C
:10B33000C87141F65C62C2F200021180008800F51B
:10B34000E17041F2A021C2F20001088023E140F245
:10B350004450C2F20000B0F8540050281EDBFFE752
:10B3600040F24450C2F20000B0F85400542815DCFA
:10B37000FFE741F26420C2F20000018801F2A91146
:10B3800041F65C62C2F200021180008800F5E170B3
:10B3900041F2A021C2F200010880FBE040F24450DB
:10B3A000C2F20000B0F8540055281EDBFFE740F25F
:10B3B0004450C2F20000B0F85400592815DCFFE7F1
:10B3C00041F26420C2F20000018801F5DC7141F60F
:10B3D0005C62C2F200021180008800F5EB7041F25D
:10B3E000A021C2F200010880D3E040F24450C2F232
:10B3F0000000B0F854005A281EDBFFE740F244502A
:10B40000C2F20000B0F854005E2815DCFFE741F2FC
:10B410006420C2F20000018801F5E67141F65C6229
:10B42000C2F200021180008800F5F07041F2A02104
:10B43000C2F200010880ABE040F24450C2F20000CA
:10B44000B0F854005F281EDBFFE740F24450C2F220
:10B450000000B0F85400632815DCFFE741F26420D7
:10B46000C2F20000018801F5EB7141F65C62C2F2A4
:10B4700000021180008800F5F07041F2A021C2F2B4
:10B480000001088083E040F24450C2F20000B0F8AE
:10B49000540064281EDBFFE740F24450C2F2000073
:10B4A000B0F85400772815DCFFE741F26420C2F2BF
:10B4B0000000018801F5F07141F65C62C2F2000201
:10B4C0001180008800F5F57041F2A021C2F2000160
:10B4D00008805BE040F24450C2F20000B0F8540033
:10B4E00078281EDBFFE740F24450C2F20000B0F8BB
:10B4F0005400C72815DCFFE741F26420C2F20000C7
:10B50000018801F5FA7141F65C62C2F20002118015
:10B51000008800F5FA7041F2A021C2F20001088013
:10B5200033E040F24450C2F20000B0F85400C828A2
:10B5300015DBFFE741F26420C2F20000018801F54B
:10B54000FA7141F65C62C2F200021180008800F5D7
:10B55000027041F2A021C2F20001088014E041F221
:10B560006420C2F20000018801F2262141F65C62EB
:10B57000C2F200021180008800F5FA7041F2A021A9
:10B58000C2F200010880FFE7FFE7FFE7FFE7FFE700
:10B59000FFE7FFE7FFE7FFE7FFE7FFE7FFE7FFE77B
:10B5A000FFE7FFE77047000080B586B000200590F8
:10B5B0000490039041F27030C2F20000007802283B
:10B5C00018D0FFE741F27030C2F20000007807287F
:10B5D00010D0FFE741F27030C2F20000007803287B
:10B5E00008D0FFE741F27030C2F200000078042872
:10B5F0001DD1FFE741F21430C2F20000B0F918107B
:10B6000000EE101AB8EEC00A8DED050AB0F91A1056
:10B6100000EE101AB8EEC00A8DED040AB0F91C0055
:10B6200000EE100AB8EEC00A8DED030AFFE79DEDAB
:10B63000050A40F26410C2F20000D0ED000A40F2A8
:10B640006810C2F2000090ED001A41F28830C2F298
:10B65000000000F0A3FD9DED040A40F27410C2F258
:10B6600000000190D0ED000A40F27810C2F2000014
:10B67000029090ED001A41F28C30C2F2000000F00E
:10B680008DFD019902989DED030AD1ED000A90ED20
:10B69000001A41F29030C2F2000000F07FFD06B0C7
:10B6A00080BD000081B08DED000A9DED000AB0EE76
:10B6B000C00A01B07047000080B586B005908DEDDE
:10B6C000040ACDED030A059890ED000AFFF7EAFFA2
:10B6D0008DED020A9DED040AFFF7E4FFB0EE401A7B
:10B6E0009DED020A30EE410AB5EE400AF1EE10FA85
:10B6F00001DAFFE7FFE7059890ED000AFFF7D2FFB8
:10B700008DED010A9DED040AFFF7CCFFB0EE401A63
:10B710009DED010A30EE410AB5EE400AF1EE10FA55
:10B7200009DDFFE79DED030AB2EE001A20EE010AE3
:10B730008DED030AFFE7059890ED000A9DED041AD0
:10B7400030EE410AFFF7AEFF9DED031AB4EE410A59
:10B75000F1EE10FA04DAFFE70498059908602AE090
:10B76000059890ED000A9DED041AB4EE410AF1EE41
:10B7700010FA0ADDFFE79DED031A059890ED000A27
:10B7800030EE410A80ED000AFFE7059890ED000ACF
:10B790009DED041AB4EE410AF1EE10FA0ADAFFE761
:10B7A0009DED031A059890ED000A30EE010A80ED38
:10B7B000000AFFE7FFE706B080BD000080B586B055
:10B7C00005908DED040ACDED030A8DED021ACDED45
:10B7D000011A059890ED000A9DED041A30EE410A19
:10B7E000FFF760FF9DED011AB4EE410AF1EE10FA89
:10B7F00004DCFFE70498059908604EE00020009003
:10B80000059890ED000A9DED041AB4EE410AF1EEA0
:10B8100010FA1CDAFFE7059890ED000A9DED031A77
:10B8200030EE010A8DED000A9DED000A9DED041A2F
:10B83000B4EE410AF1EE10FA04DDFFE70498059931
:10B84000086003E0009805990860FFE724E0059888
:10B8500090ED000A9DED021A30EE410A8DED000ACE
:10B860009DED021A059890ED000A30EE410A80ED38
:10B87000000A9DED000A9DED041AB4EE410AF1EEB6
:10B8800010FA04DAFFE704980599086003E00098CD
:10B8900005990860FFE7FFE7FFE706B080BD0000FD
:10B8A00080B58AB0FFF71EFC41F2A420C2F200006E
:10B8B00090ED060A9FEDDA1AB4EE410AF1EE10FAA5
:10B8C00015DAFFE741F2A420C2F2000090ED060A6B
:10B8D0009FEDD41AB4EE410AF1EE10FA07DDFFE74E
:10B8E00041F2E431C2F200010120087006E041F2A9
:10B8F000E431C2F2000100200870FFE740F6725008
:10B90000C2F2000000888007002807D5FFE741F257
:10B910007131C2F200010120087006E041F271317C
:10B92000C2F2000100200870FFE740F67250C2F238
:10B93000000000884007002807D5FFE740F22821D3
:10B94000C2F200010120087006E040F22821C2F294
:10B95000000100200870FFE741F2E430C2F200006D
:10B960000178002918BF012141F27220C2F20000C3
:10B9700002F01CF9014641F27320C2F2000001708E
:10B98000007802280DD1FFE741F2F601C2F2000172
:10B990000120087040F20A01C2F200010220088072
:10B9A00015E041F27320C2F20000007801280DD1A9
:10B9B000FFE741F2F601C2F200010120087040F2F7
:10B9C0000A01C2F2000108200880FFE7FFE740F209
:10B9D0004450C2F2000090F84200092809DCFFE759
:10B9E00040F67451C2F20001088840F0010008805E
:10B9F00008E040F67451C2F20001088820F001000E
:10BA00000880FFE740F22820C2F20000007848B129
:10BA1000FFE740F67451C2F20001088840F00400CC
:10BA2000088008E040F67451C2F20001088820F056
:10BA300004000880FFE741F21430C2F2000090F8E1
:10BA40002A10002918BF012141F26C20C2F2000027
:10BA500002F0ACF8022808D0FFE741F21430C2F23D
:10BA6000000090F82A0068B1FFE740F66C51C2F27E
:10BA700000010120088040F66E51C2F20001002052
:10BA80000880FFE741F21430C2F20000B0F9200054
:10BA90000021B0F5167FC8BF012141F27A20C2F221
:10BAA000000002F083F8022829D1FFE741F270304C
:10BAB000C2F200000078042821D1FFE740F22600FE
:10BAC000C2F200000188023101800088142807DBDF
:10BAD000FFE740F22601C2F2000108200880FFE7DC
:10BAE00040F22600C2F20000008832214843A0F54F
:10BAF000C87041F26421C2F200010880FFE740F201
:10BB00004450C2F2000090F84200092809DCFFE727
:10BB100040F67451C2F20001088840F0010008802C
:10BB200008E040F67451C2F20001088820F00100DC
:10BB30000880FFE741F21430C2F2000090F82A10AA
:10BB4000002918BF012141F26C20C2F2000002F06E
:10BB50002DF8022808D0FFE741F21430C2F20000AD
:10BB600090F82A0068B1FFE740F66C51C2F200017C
:10BB70000120088040F66E51C2F2000100200880CA
:10BB8000FFE741F21430C2F200004FF4005102F01E
:10BB9000A3F80146002918BF012141F27720C2F223
:10BBA000000002F003F802281CD1FFE741F2143034
:10BBB000C2F20000808D8006002813D5FFE741F215
:10BBC0006420C2F20000B0F90000B0F5FA7F08DA94
:10BBD000FFE741F26421C2F2000108886430088066
:10BBE000FFE7FFE741F21430C2F200004FF40051CA
:10BBF00002F072F80146002918BF012141F27620B7
:10BC0000C2F2000001F0D2FF022820D1FFE741F28A
:10BC10001430C2F20000808D8006002817D403E0A3
:10BC20007437EFBEEEE61DC041F26420C2F20000A0
:10BC3000B0F9000010F1C70F08DBFFE741F2642103
:10BC4000C2F20001088864380880FFE7FFE741F28C
:10BC50007030C2F20000007806282FD1FFE741F2D1
:10BC60001430C2F200004FF4805102F035F8014662
:10BC7000002918BF012141F27120C2F2000001F039
:10BC800095FF022819D1FFE741F6A030C2F200006B
:10BC9000017881F0010101700078B0FA80F040096C
:10BCA000400040F22801C2F20001088041F2A221C6
:10BCB000C2F2000101200870FFE729E041F2712083
:10BCC000C2F20000002101F071FF41F6A030C2F283
:10BCD0000000007840B9FFE740F22800C2F20000FF
:10BCE0000088022807D0FFE741F2A221C2F200013A
:10BCF00001200870FFE741F6A031C2F200010020E8
:10BD0000087040F22801C2F2000102200880FFE71B
:10BD100041F27030C2F20000007806283BD1FFE704
:10BD200040F22820C2F200000178002918BF01214A
:10BD300041F26D20C2F2000001F038FF014641F2ED
:10BD40006E20C2F200000170007802280DD1FFE7DA
:10BD500040F6B651C2F200010120087040F2000125
:10BD6000C2F200010520088014E041F26E20C2F208
:10BD70000000007801280CD1FFE740F6B651C2F26E
:10BD800000010120087040F20001C2F200010880A9
:10BD9000FFE7FFE7FFE7FDF72FFF41F21430C2F2A4
:10BDA00000004FF4006101F097FF002800F0B6801A
:10BDB000FFE741F21430C2F20000202101F08CFFB5
:10BDC000002800F0AB80FFE741F2DD11C2F2000174
:10BDD000012008700A20F9F7B5F800208DF823003B
:10BDE000FFE79DF82300132800F38180FFE741F26D
:10BDF0006400C2F20000B0F90A0000EE100AF8EE8A
:10BE0000C00A41F28400C2F2000004909FED440A8F
:10BE10008DED030A02F07AFB9DED030A40F64470B3
:10BE2000C2F20000B0F90A0001EE100AF8EEC10AF1
:10BE300040F66470C2F20000059002F067FB9DEDD1
:10BE4000030A40F6B460C2F20000B0F90A0001EE45
:10BE5000100AF8EEC10A40F6D460C2F20000069063
:10BE600002F054FB9DED030A40F6D470C2F20000CC
:10BE7000B0F90A0001EE100AF8EEC10A40F6F470BB
:10BE8000C2F20000079002F041FB049A059B06985D
:10BE9000079992ED100ABDEEC00A10EE102A93ED3C
:10BEA000100ABDEEC00A10EE103A90ED100ABDEE79
:10BEB000C00A10EE100A91ED100ABDEEC00A10EE95
:10BEC00010CA6946C1F804C0086040F28020C2F27E
:10BED00000004FF4007102F0CDFA0A20F9F732F8B1
:10BEE000FFE79DF8230001308DF8230079E76846CD
:10BEF00000234360036040F28020C2F200004FF450
:10BF000000711A4602F0B6FA6420F9F71BF8012016
:10BF10000990099880F3138800F07CFA0AB080BD7C
:10BF20000000000041F21430C2F2000090F822003C
:10BF3000012810D1FFE741F21430C2F2000090F85E
:10BF40002300012807D1FFE741F27031C2F200015E
:10BF500000200870BCE041F21430C2F2000090F8FA
:10BF60002200012810D1FFE741F21430C2F2000094
:10BF700090F82300032807D1FFE741F27031C2F2A5
:10BF8000000101200870A2E041F21430C2F200006A
:10BF900090F82200032810D1FFE741F21430C2F2DA
:10BFA000000090F82300012807D1FFE741F270312B
:10BFB000C2F200010220087088E041F21430C2F29F
:10BFC000000090F82200032810D1FFE741F214305E
:10BFD000C2F2000090F82300032807D1FFE741F2E6
:10BFE0007031C2F20001032008706EE041F214309B
:10BFF000C2F2000090F82200022810D1FFE741F2BF
:10C000001430C2F2000090F82300032807D1FFE7A4
:10C0100041F27031C2F200010420087054E041F294
:10C020001430C2F2000090F82200032810D1FFE77C
:10C0300041F21430C2F2000090F82300022807D128
:10C04000FFE741F27031C2F20001052008703AE0CA
:10C0500041F21430C2F2000090F82200022810D100
:10C06000FFE741F21430C2F2000090F823000228EA
:10C0700007D1FFE741F27031C2F2000106200870DB
:10C0800020E041F21430C2F2000090F822000228B1
:10C0900010D1FFE741F21430C2F2000090F8230003
:10C0A000012807D1FFE741F27031C2F200010720F9
:10C0B000087006E041F27031C2F200010020087001
:10C0C000FFE7FFE7FFE7FFE7FFE7FFE7FFE7FFE740
:10C0D00041F27030C2F200000078022811D1FFE76F
:10C0E00041F21430C2F20000B0F92000B0F5167F22
:10C0F00007DAFFE740F6A061C2F2000101200870F4
:10C100004AE041F27030C2F200000078022813D1F8
:10C11000FFE741F21430C2F20000B0F92000B0F5A0
:10C12000167F09DDFFE741F66C51C2F20001087885
:10C1300080F0020008702EE041F27030C2F2000080
:10C140000078072807D1FFE740F6A061C2F200019E
:10C15000022008701EE041F27030C2F20000007848
:10C16000032808D0FFE741F27030C2F200000078E7
:10C17000062807D1FFE740F6A061C2F200010420C3
:10C18000087006E040F6A061C2F2000100200870CD
:10C19000FFE7FFE7FFE7FFE77047000080B584B0E7
:10C1A00003908DED020ACDED010A8DED001A039882
:10C1B00090ED000AB5EE400AF1EE10FA0CDDFFE753
:10C1C00003989DED020ADDED010ADDED001AB0EEE7
:10C1D000611AFFF7F3FA0BE003989DED020ADDED1B
:10C1E000001A9DED011AF0EE610AFFF7E7FAFFE78A
:10C1F00004B080BD80B58EB00D900C918DED0B0A12
:10C20000CDED0A0A8DED091A089207939DED0B0AF0
:10C210009DED0A1A30EE410A8DED060A9DED060AE3
:10C22000B0EEC00A8DED050A079890ED000AB0EE59
:10C23000C00A8DED040A0D989DED0B0ADDED0A0A8A
:10C2400002F0CEFB9DED050A9FED681AB4EE410A9F
:10C25000F1EE10FA04DAFFE70899002008604BE0DD
:10C260009DED060A079890ED001A20EE010AB5EE42
:10C27000400AF1EE10FA04DAFFE70899002008609E
:10C2800039E09DED050A9DED041A9FED592A31EE26
:10C29000021AB4EE410AF1EE10FA0DDCFFE70D9838
:10C2A00090ED100AB0EEC00A9FED521AB4EE410AAA
:10C2B000F1EE10FA14DDFFE79DED060A4FA0011D17
:10C2C000B5EE400AF1EE10FAC8BF084690ED001A2C
:10C2D000089890ED000A30EE010A80ED000A09E0AE
:10C2E000089890ED000A9FED441A20EE010A80EDB7
:10C2F000000AFFE7FFE7FFE7089890ED000A9FEDCF
:10C30000411AB4EE410AF1EE10FA05DAFFE79FEDAB
:10C310003D0A8DED030A1AE0089890ED000A9FEDA2
:10C320003A1AB4EE410AF1EE10FA05DDFFE79FED8F
:10C33000360A8DED020A05E0089890ED000A8DEDB1
:10C34000020AFFE79DED020A8DED030AFFE79DED6E
:10C35000030A089880ED000A0698079908600C986F
:10C360000D9991ED100ADDED090A02F039FB0C98E8
:10C3700090ED100A089890ED001A30EE010A9FED3A
:10C38000231AB4EE410AF1EE10FA05DAFFE79FED49
:10C390001F0A8DED010A24E00C9890ED100A089810
:10C3A00090ED001A30EE010A9FED191AB4EE410A21
:10C3B000F1EE10FA05DDFFE79FED150A8DED000A9D
:10C3C0000AE00C9890ED100A089890ED001A30EEF3
:10C3D000010A8DED000AFFE79DED000A8DED010ACF
:10C3E000FFE79DED010A0EB080BD00BF0AD7233CD8
:10C3F00052499D39CDCC08428FC2753FCDCCCCBDC2
:10C40000CDCCCC3D000048C2000048420000B0C284
:10C410000000B042BFF34F8F4EF60C51CEF2000138
:10C42000086800F4E0600422C0F2FA521043086089
:10C43000BFF34F8FFFE700BFFDE7000041F6C021CB
:10C44000C2F20001002008624863086441F63031FE
:10C45000C2F2000108624863086441F67051C2F2FA
:10C46000000108624863086441F6E051C2F200012D
:10C4700008624863086441F27431C2F20001086046
:10C4800041F28031C2F20001086041F2A831C2F2EB
:10C490000001086041F2C431C2F200010860704737
:10C4A00041F6AC31C2F20001002008624863086422
:10C4B00041F6FC41C2F2000108624863086470471B
:10C4C00041F61C41C2F20001002008624863086482
:10C4D00041F68C41C2F2000108624863086470476B
:10C4E00087B0069005918DED040A9DED041A06981B
:10C4F00090ED000A30EE010A80ED000A9DED041A6D
:10C50000059890ED000A30EE410A80ED000A069889
:10C5100090ED000A9FED2F1AB4EE410AF1EE10FAE9
:10C5200005DAFFE79FED2B0A8DED030A1AE0069866
:10C5300090ED000A9FED281AB4EE410AF1EE10FAD0
:10C5400005DDFFE79FED240A8DED020A05E0069860
:10C5500090ED000A8DED020AFFE79DED020A8DEDD8
:10C56000030AFFE79DED030A069880ED000A05988F
:10C5700090ED000A9FED191AB4EE410AF1EE10FA9F
:10C5800005DAFFE79FED150A8DED010A1AE005981F
:10C5900090ED000A9FED121AB4EE410AF1EE10FA86
:10C5A00005DDFFE79FED0E0A8DED000A05E0059819
:10C5B00090ED000A8DED000AFFE79DED000A8DED7C
:10C5C000010AFFE79DED010A059880ED000A07B01A
:10C5D000704700BFD72F10407E1D3E40F94925C04F
:10C5E0004F23EDBF84B08DED030ACDED020A9DED22
:10C5F000030A9DED021AB0EEC11A30EE410A8DED2C
:10C60000010A9DED010AB5EE400AF1EE10FA05DDD2
:10C61000FFE79DED010A8DED000A04E09FED040A9D
:10C620008DED000AFFE79DED000A04B0704700BFE2
:10C630000000000080B584B08DED030ACDED020A44
:10C640008DED011A9DED030ADDED020A9DED011A43
:10C65000DFED031A9FED032A00F032FC04B080BD29
:10C660009A99193FCDCC4C3E80B582B041F2CC3086
:10C67000C2F200000078B8B1FFE7B2EE000ADFEDC9
:10C68000290AB1EE041A00F0D5FD20B1FFE7012020
:10C690008DF807003DE041F2CC31C2F200010020EC
:10C6A00008708DF8070034E0B2EE000ADFED1B0AD7
:10C6B000B0EE081A00F0BEFD38B3FFE741F2CC310E
:10C6C000C2F200010120087041F28430C2F2000081
:10C6D000016841F2D830C2F20000016090ED000A1A
:10C6E000B0EEC00A9FED0E1AB4EE410AF1EE10FA58
:10C6F00007DAFFE741F2D831C2F2000100200860FA
:10C70000FFE701208DF8070003E000208DF8070007
:10C71000FFE79DF8070002B080BD00BFCDCC4C3FC5
:10C72000CDCC4C3ECDCCCC3F80B5FFF7C9FE41F21D
:10C73000BC31C2F200010020087041F2B031C2F2F7
:10C740000001086080BD000084B041F27030C2F288
:10C7500000000078062840F08580FFE740F6B850DA
:10C76000C2F200000068029040F61460C2F20000BD
:10C770000068019041F29420C2F20000007888B372
:10C78000FFE740F6B851C2F2000191ED000A41F214
:10C79000E032C2F2000292ED002A40F61463C2F2C7
:10C7A000000393ED001A41F2E830C2F2000090ED70
:10C7B000003A21EE031A20EE020A30EE010A8DED56
:10C7C000020A93ED000A92ED002A91ED001A90ED15
:10C7D000003A21EE031A20EE020A30EE410A8DEDF6
:10C7E000010AFFE79DED010AB0EEC00A9FED501A65
:10C7F000B4EE410AF1EE10FA31DDFFE79DED020AD9
:10C80000B0EEC00A9DED011AB0EEC11AB4EE410AB5
:10C81000F1EE10FA23DAFFE79DED010AB5EE400ACA
:10C82000F1EE10FA09DDFFE79DED010A9FED411AD7
:10C8300030EE010A8DED010A08E09DED010A9FED41
:10C840003C1A30EE010A8DED010AFFE79DED011A59
:10C850009FED390A30EE410A8DED030A64E002983B
:10C86000039061E041F27030C2F2000000780328CA
:10C8700038D1FFE741F28C30C2F20000006800902E
:10C880009DED000AB0EEC00A9FED291AB4EE410AF0
:10C89000F1EE10FA03DAFFE70020039044E09DED8B
:10C8A000000AB5EE400AF1EE10FA09DDFFE79DED52
:10C8B000000A9FED201A30EE010A8DED000A08E013
:10C8C0009DED000A9FED1A1A30EE010A8DED000A67
:10C8D000FFE79DED001A9FED180A30EE410A8DED3D
:10C8E000030A21E041F27030C2F200000078022811
:10C8F00010D0FFE741F27030C2F200000078072844
:10C9000008D0FFE741F27030C2F20000007804283E
:10C9100007D1FFE741F28830C2F2000000680390BF
:10C9200002E000200390FFE79DED030A04B070478A
:10C930000000F0420000F0C20000008080B582B02C
:10C9400041F6AC30C2F2000090ED0D0AB0EEC00A24
:10C950009FED261AB4EE410AF1EE10FA30DAFFE745
:10C9600041F6FC40C2F2000090ED080AB0EEC00AA9
:10C97000B0EE001AB4EE410AF1EE10FA20DAFFE749
:10C9800041F61C40C2F2000090ED0D0AB0EEC00A64
:10C990009FED161AB4EE410AF1EE10FA10DAFFE735
:10C9A00041F68C40C2F2000090ED080AB0EEC00AD9
:10C9B000B7EE081AB4EE410AF1EE10FA0EDBFFE70B
:10C9C000FFF76EFDFFF7B0FE41F28431C2F20001C5
:10C9D0000020086001208DF8070003E000208DF89A
:10C9E0000700FFE79DF8070002B080BD0000164376
:10C9F00080B58AB041F27030C2F20000007807289A
:10CA000019D0FFE741F27030C2F20000007803282D
:10CA100011D0FFE741F27030C2F200000078062822
:10CA200009D0FFE741F27030C2F20000007804281C
:10CA300040F01F81FFE740F6C050C2F200000068DE
:10CA4000099041F2BC30C2F200000078A0B9FFE7C3
:10CA50009DED090AB0EEC00AB1EE041AB4EE410A27
:10CA6000F1EE10FA07DDFFE741F2BC31C2F200013E
:10CA700001200870FFE713E09DED090AB0EEC00A3F
:10CA8000B0EE081AB4EE410AF1EE10FA07DAFFE749
:10CA900041F2BC31C2F2000100200870FFE7FFE75D
:10CAA00041F2BC30C2F20000007800287DD0FFE7E0
:10CAB00041F2AC30C2F200000021016090ED000AAA
:10CAC00040F6C050C2F20000D0ED000A41F61C4012
:10CAD000C2F200000790B3EE041A01F02BFE079893
:10CAE00090ED100A40F6C450C2F20000D0ED000AEA
:10CAF00041F68C40C2F20000089001F071FF0898E6
:10CB000090ED100A41F2B030C2F2000090ED001A30
:10CB100030EE410ABDEE001AB4EE410AF1EE10FA11
:10CB200005DAFFE7BDEE000A8DED060A30E041F6BA
:10CB30008C40C2F2000090ED100A41F2B030C2F217
:10CB4000000090ED001A30EE410AB5EE001AB4EE86
:10CB5000410AF1EE10FA05DDFFE7B5EE000A8DEDB2
:10CB6000050A10E041F68C40C2F2000090ED100A78
:10CB700041F2B030C2F2000090ED001A30EE410AEE
:10CB80008DED050AFFE79DED050A8DED060AFFE72D
:10CB90009DED061A41F2B030C2F2000090ED000A9D
:10CBA00030EE010A80ED000A62E041F61C40C2F25C
:10CBB000000090ED0D0A9FED501A20EE010A80ED65
:10CBC0000D0A41F68C40C2F2000090ED0D0A20EEF5
:10CBD000010A80ED0D0A41F2B030C2F2000090ED82
:10CBE000001A9FED460A30EE410ABDEE001AB4EE7F
:10CBF000410AF1EE10FA05DAFFE7BDEE000A8DED0D
:10CC0000040A28E041F2B030C2F2000090ED001AB0
:10CC10009FED3A0A30EE410AB5EE001AB4EE410A31
:10CC2000F1EE10FA05DDFFE7B5EE000A8DED030A1F
:10CC30000CE041F2B030C2F2000090ED001A9FED1E
:10CC40002F0A30EE410A8DED030AFFE79DED030A3E
:10CC50008DED040AFFE79DED041A41F2B030C2F2F7
:10CC6000000090ED000A30EE010A80ED000AFFE7B7
:10CC700002E0FFF759FDFFE741F2B030C2F20000D9
:10CC800090ED000ABBEE021AB4EE410AF1EE10FA82
:10CC900005DAFFE7BBEE020A8DED020A20E041F261
:10CCA000B030C2F2000090ED000AB3EE021AB4EE0A
:10CCB000410AF1EE10FA05DDFFE7B3EE020A8DED51
:10CCC000010A08E041F2B030C2F2000090ED000A23
:10CCD0008DED010AFFE79DED010A8DED020AFFE7E8
:10CCE0009DED020A41F2B030C2F2000080ED000A70
:10CCF00090ED000A0AB080BD48E17A3F00000000D4
:10CD000080B582B0FFF720FD41F2D030C2F20000C2
:10CD100080ED000A41F2B831C2F200010020086043
:10CD200041F2B431C2F20001086041F2C831C2F2EE
:10CD30000001086041F2D532C2F2000201211170F7
:10CD400041F27031C2F200010978062901900AD13E
:10CD5000FFE741F29420C2F200000078002818BFDB
:10CD600001200190FFE7019800F0010041F2D43169
:10CD7000C2F20001087002B080BD000084B040F62D
:10CD8000CC50C2F200000068039041F2A430C2F21D
:10CD900000000078C0B9FFE7039841F29431C2F275
:10CDA0000001086041F2A031C2F2000100200860D9
:10CDB00041F29831C2F20001086041F2A431C2F29E
:10CDC000000101200870FFE79DED030A41F2943055
:10CDD000C2F2000090ED001A30EE410A9FED2B2ABE
:10CDE00020EE020A30EE010A80ED000A9DED030AF2
:10CDF00090ED001A30EE410A8DED020A9DED020A17
:10CE0000B0EEC00A9FED221AB4EE410AF1EE10FA1C
:10CE100003DAFFE700200290FFE79DED020A41F2EE
:10CE2000A030C2F2000090ED001A30EE410AB5EEDB
:10CE3000002A20EE020A30EE010A80ED000A0120ED
:10CE400028B9FFE7BAEE000A8DED010A11E00120D2
:10CE500028B9FFE7B2EE000A8DED000A04E09FED6D
:10CE60000D0A8DED000AFFE79DED000A8DED010A28
:10CE7000FFE79DED010A41F29830C2F2000080ED1B
:10CE8000000A90ED000A04B0704700BF6F12033B28
:10CE90008FC2F53C0000000041F2CC31C2F200012B
:10CEA0000020087041F2D831C2F20001086040F25F
:10CEB0003401C2F200010020C4F260000860704733
:10CEC00080B596B08DED150ACDED140A8DED131ACF
:10CED000CDED121A8DED112A9DED150A9DED131A57
:10CEE000B1EE411AB4EE410AF1EE10FA07DAFFE7AB
:10CEF0009DED130AB1EE400A8DED090A18E09DED93
:10CF0000150A9DED131AB4EE410AF1EE10FA05DD93
:10CF1000FFE79DED130A8DED080A04E09DED150A6B
:10CF20008DED080AFFE79DED080A8DED090AFFE780
:10CF30009DED090A8DED100A9DED130AB3EE021A5C
:10CF4000B4EE410AF1EE10FA05DDFFE7B3EE020A96
:10CF50008DED070A04E09DED130A8DED070AFFE74A
:10CF60009DED070A8DED0F0A9DED141A9FED7E0AC7
:10CF700030EE410A9DED0F1AB1EE411AB4EE410AAE
:10CF8000F1EE10FA07DAFFE79DED0F0AB1EE400A65
:10CF90008DED060A20E09DED141A9FED730A30EE28
:10CFA000410A9DED0F1AB4EE410AF1EE10FA05DDCB
:10CFB000FFE79DED0F0A8DED050A08E09DED141ABF
:10CFC0009FED690A30EE410A8DED050AFFE79DED00
:10CFD000050A8DED060AFFE79DED060A8DED0E0AA6
:10CFE00041F2BC30C2F200000078002846D0FFE7D2
:10CFF0009DED130ADDED0E0AFFF7F4FA8DED0D0A33
:10D000009DED100AB0EEC00A9DED0D1AB4EE410A76
:10D01000F1EE10FA31DDFFE79DED100A9DED0D1ADE
:10D02000B1EE411AB4EE410AF1EE10FA07DAFFE769
:10D030009DED0D0AB1EE400A8DED040A18E09DED5C
:10D04000100A9DED0D1AB4EE410AF1EE10FA05DD5D
:10D05000FFE79DED0D0A8DED030A04E09DED100A3A
:10D060008DED030AFFE79DED030A8DED040AFFE74E
:10D070009DED040A8DED100AFFE738E09DED130ADF
:10D08000DDED100AFFF7AEFA8DED0C0A9DED0E0AEC
:10D090009DED0C1AB1EE411AB4EE410AF1EE10FA10
:10D0A00007DAFFE79DED0C0AB1EE400A8DED020AAA
:10D0B00018E09DED0E0A9DED0C1AB4EE410AF1EE5A
:10D0C00010FA05DDFFE79DED0C0A8DED010A04E085
:10D0D0009DED0E0A8DED010AFFE79DED010A8DED34
:10D0E000020AFFE79DED020A8DED0E0AFFE79DEDB6
:10D0F0000E0A9DED101A30EE010A8DED0B0A9DED22
:10D100000E0A9DED101A30EE410A8DED0A0A9DEDD2
:10D110000B0ADDED130A9DED121ADDED111A40F632
:10D120003060C2F2000000F021F841F6A430C2F2F3
:10D130000000006880ED040A9DED0A0ADDED130A87
:10D140009DED121ADDED111A41F2F410C2F2000049
:10D1500000F00CF841F6A830C2F20000006880ED43
:10D16000040A16B080BD00BF0000008088B08DEDBD
:10D17000070A0690CDED050A8DED041ACDED031AD0
:10D180000698C06902909DED020AB0EEC00A9DEDBE
:10D19000031AB4EE410AF1EE10FA03DAFFE70020B9
:10D1A0000290FFE79DED070A9DED041A9DED022A0E
:10D1B00021EE021A30EE410A9DED051AB1EE411A38
:10D1C000B4EE410AF1EE10FA07DAFFE79DED050A29
:10D1D000B1EE400A8DED010A28E09DED070A9DEDB4
:10D1E000041A9DED022A21EE021A30EE410A9DED4D
:10D1F000051AB4EE410AF1EE10FA05DDFFE79DEDE8
:10D20000050A8DED000A0CE09DED070A9DED041A5C
:10D210009DED022A21EE021A30EE410A8DED000A40
:10D22000FFE79DED000A8DED010AFFE79DED010A84
:10D2300008B0704784B08DED030ACDED020A8DED84
:10D24000011A41F27030C2F2000001780020062974
:10D2500000904DD1FFE740F6B850C2F2000090EDCB
:10D26000000AB0EEC00A9DED031A0020B4EE410A98
:10D27000F1EE10FA00903BDAFFE740F61460C2F2DC
:10D28000000090ED000AB0EEC00A9DED031A0020E8
:10D29000B4EE410AF1EE10FA009029DAFFE740F609
:10D2A000C850C2F2000090ED000AB0EE001A30EE55
:10D2B000010AB0EEC00A9DED021A0020B4EE410A48
:10D2C000F1EE10FA009013DAFFE740F6C050C2F218
:10D2D000000090ED000AB0EEC00A9DED011A00209A
:10D2E000B4EE410AF1EE10FAB8BF01200090FFE75A
:10D2F000009800F0010004B07047000080B58CB0C9
:10D30000FFF722FA8DED0A0A41F2D030C2F2000096
:10D310000068099041F27030C2F2000001780020EC
:10D32000062904900AD1FFE741F29420C2F20000DE
:10D330000078002818BF01200490FFE7049800F04F
:10D3400001008DF8230041F2D530C2F200000078D0
:10D3500050B1FFE79DF8230041F2D431C2F2000141
:10D360000978884225D0FFE70A9841F2D031C2F20D
:10D370000001086041F2B831C2F2000100200860EB
:10D3800041F2B431C2F20001086041F2C831C2F288
:10D390000001086041F2D532C2F200020121117091
:10D3A0009DF8231041F2D432C2F2000211700B90AA
:10D3B000C6E141F27030C2F200000078032808D0C4
:10D3C000FFE741F27030C2F20000007804283ED13D
:10D3D000FFE741F28C30C2F2000090ED000AB0EE9F
:10D3E000C00A9FEDD91AB4EE410AF1EE10FA2EDD13
:10D3F000FFE741F28830C2F2000090ED000AB0EE83
:10D40000C00A41F28C30C2F2000090ED001AB0EE7A
:10D41000C11AB4EE410AF1EE10FA18DAFFE70A98E1
:10D4200041F2D031C2F20001086041F2B831C2F2DB
:10D4300000010020086041F2B431C2F2000108602E
:10D4400041F2C831C2F2000108600B9078E19DED15
:10D450000A0A9DED091A30EE410A41F2B830C2F2D3
:10D46000000080ED000A0A9941F2D032C2F20002B7
:10D47000116090ED000AB0EEC00AB7EE001AB4EEEB
:10D48000410AF1EE10FA07DAFFE741F2B831C2F2D1
:10D49000000100200860FFE79DED0A0AB0EEC00A17
:10D4A000B2EE001AB4EE410AF1EE10FA19DAFFE713
:10D4B00041F2B830C2F2000090ED000AB5EE400A29
:10D4C000F1EE10FA0DD1FFE741F2B431C2F20001E2
:10D4D0000020086041F2C831C2F2000108600B90E0
:10D4E0002EE141F27030C2F20000037897A10A1DCC
:10D4F000062B08BF1146096807910078B1EE081A9B
:10D50000B2EE040A062808BFB0EE410A8DED060A05
:10D510009DF8230048B1FFE749F69A10C3F69960D9
:10D5200007904FF082400690FFE79DED070A41F219
:10D53000B830C2F2000090ED002A41F2B430C2F2DD
:10D54000000090ED001A32EE412A20EE020A30EE81
:10D55000010A80ED000A41F27030C2F2000000784A
:10D56000B0EE041AB7EE080A062808BFB0EE410A6A
:10D570008DED050A9DF8230020B1FFE74FF07F50A5
:10D580000590FFE79DED090AB0EEC00AB2EE041A5D
:10D59000B4EE410AF1EE10FA2ADDFFE79DED090A2B
:10D5A00041F2B830C2F2000090ED001A20EE010AFC
:10D5B000B5EE400AF1EE10FA1ADAFFE741F27030E8
:10D5C000C2F2000000789FED631AB7EE000A062849
:10D5D00008BFB0EE410A8DED050A9DF8230030B179
:10D5E000FFE743F23330C3F6F3700590FFE7FFE740
:10D5F0009DED050A41F2B430C2F2000090ED001A30
:10D6000020EE010A9DED061AB1EE411AB4EE410A70
:10D61000F1EE10FA07DAFFE79DED060AB1EE400AD7
:10D620008DED030A28E09DED050A41F2B430C2F207
:10D63000000090ED001A20EE010A9DED061AB4EEEE
:10D64000410AF1EE10FA05DDFFE79DED060A8DEDCA
:10D65000020A0CE09DED050A41F2B430C2F200006E
:10D6600090ED001A20EE010A8DED020AFFE79DED14
:10D67000020A8DED030AFFE79DED030A41F2C8306F
:10D68000C2F2000080ED000A41F27030C2F20000E8
:10D69000007806284DD1FFE79DED050A41F2B43030
:10D6A000C2F2000090ED001A20EE010A9DED061A6C
:10D6B000B1EE411AB4EE410AF1EE10FA07DAFFE7D3
:10D6C0009DED060AB1EE400A8DED010A28E09DEDC0
:10D6D000050A41F2B430C2F2000090ED001A20EECB
:10D6E000010A9DED061AB4EE410AF1EE10FA05DDCD
:10D6F000FFE79DED060A8DED000A0CE09DED050AA1
:10D7000041F2B430C2F2000090ED001A20EE010A9E
:10D710008DED000AFFE79DED000A8DED010AFFE7A0
:10D720009DED010A41F2C830C2F2000080ED000A0E
:10D73000FFE741F2C830C2F2000000680B90FFE73B
:10D740009DED0B0A0CB080BD0000A042E17A143FB1
:10D750009A99593F3333334081B0009000980021AB
:10D7600001704170817001B0704700009EB01D9043
:10D770008DED1C0ACDED1B0A8DED1A1A19911D981D
:10D7800000909DED1B0AB5EE400AF1EE10FA03DDA4
:10D79000FFE71B980E9006E09DED1B0AB1EE400AD4
:10D7A0008DED0E0AFFE79DED1A0AB5EE400AF1EE87
:10D7B00010FA03DDFFE71A980F9006E09DED1A0AB4
:10D7C000B1EE400A8DED0F0AFFE79DED1C0AB5EEA4
:10D7D000400AF1EE10FA03DDFFE71C98109006E016
:10D7E0009DED1C0AB1EE400A8DED100AFFE70E9880
:10D7F00009909DED090A9DED101AB4EE410AF1EE73
:10D8000010FA03DAFFE710980990FFE79DED090A87
:10D810009DED0F1AB4EE410AF1EE10FA03DAFFE7BC
:10D820000F980990FFE79DED090A9FEDD91A80EE48
:10D83000010A8DED020A9DED1C0A9DED1B1A30EECA
:10D84000010A9DED1A1A30EE410A8DED180A9DED80
:10D850001C0A9DED1B1A30EE410A9DED1A1A30EE9E
:10D86000010A8DED170A9DED1C0A9DED1B1A30EE85
:10D87000410A9DED1A1A30EE410A8DED160A9DED12
:10D880001C0A9DED1B1A30EE010A9DED1A1A30EEAE
:10D89000010A8DED150A9DED180AB5EE400AF1EE6C
:10D8A00010FA03DDFFE71898149006E09DED180AC2
:10D8B000B1EE400A8DED140AFFE79DED170AB5EEB3
:10D8C000400AF1EE10FA03DDFFE71798139006E027
:10D8D0009DED170AB1EE400A8DED130AFFE79DEDAD
:10D8E000160AB5EE400AF1EE10FA03DDFFE71698CE
:10D8F000129006E09DED160AB1EE400A8DED120A77
:10D90000FFE79DED150AB5EE400AF1EE10FA03DDD2
:10D91000FFE71598119006E09DED150AB1EE400A5B
:10D920008DED110AFFE7149808909DED080A9DED12
:10D93000131AB4EE410AF1EE10FA03DAFFE7139876
:10D940000890FFE79DED080A9DED121AB4EE410A1A
:10D95000F1EE10FA03DAFFE712980890FFE79DED69
:10D96000080A9DED111AB4EE410AF1EE10FA03DA3D
:10D97000FFE711980890FFE79DED080AB5EE400A11
:10D98000F1EE10FA06D1FFE7002006900590039013
:10D99000049020E09DED180A9DED081A80EE010A22
:10D9A0008DED060A9DED170A9DED081A80EE010A1D
:10D9B0008DED050A9DED160A9DED081A80EE010A0F
:10D9C0008DED030A9DED150A9DED081A80EE010A02
:10D9D0008DED040AFFE79DED060AB5EE400AF1EE73
:10D9E00010FA03DDFFE706980D9006E09DED060AAC
:10D9F000B1EE400A8DED0D0AFFE79DED050AB5EE8B
:10DA0000400AF1EE10FA03DDFFE705980C9006E0FE
:10DA10009DED050AB1EE400A8DED0C0AFFE79DED84
:10DA2000030AB5EE400AF1EE10FA03DDFFE70398B2
:10DA30000A9006E09DED030AB1EE400A8DED0A0A58
:10DA4000FFE79DED040AB5EE400AF1EE10FA03DDA2
:10DA5000FFE704980B9006E09DED040AB1EE400A42
:10DA60008DED0B0AFFE70D9807909DED070A9DEDE0
:10DA70000C1AB4EE410AF1EE10FA03DAFFE70C9843
:10DA80000790FFE79DED070A9DED0A1AB4EE410AE3
:10DA9000F1EE10FA03DAFFE70A980790FFE79DED31
:10DAA000070A9DED0B1AB4EE410AF1EE10FA03DA03
:10DAB000FFE70B980790FFE700989DED070A9DEDA3
:10DAC0000D1A9DED0C2A31EE021A9DED0A2A31EE57
:10DAD000021A9DED0B2A31EE021AB1EE002A20EE59
:10DAE000020A30EE410A9FED2B1A80EE010AB7EED2
:10DAF000001A30EE010A8DED010A9DED060A9DED3A
:10DB0000021A20EE410A9DED191AB8EEC11A20EE54
:10DB1000010A9DED011A20EE010A80ED000A9DED3B
:10DB2000050A9DED021A20EE010A9DED191AB8EEC4
:10DB3000C11A20EE010A9DED011A20EE010A80EDC6
:10DB4000020A9DED030A9DED021A20EE410A9DEDA9
:10DB5000191AB8EEC11A20EE010A9DED011A20EE45
:10DB6000010A80ED010A9DED040A9DED021A20EEE6
:10DB7000010A9DED191AB8EEC11A20EE010A9DEDB9
:10DB8000011A20EE010A80ED030A1EB0704700BFA3
:10DB900000002544DA0F494081B000900098002130
:10DBA00081600160C160416001B0704784B0029043
:10DBB0008DF80710029800909DF80700C00760B12B
:10DBC000FFE700980078C00738B9FFE70099012007
:10DBD000087002208DF80F0014E09DF80700C007C0
:10DBE00060B9FFE700980078C00738B1FFE70099F7
:10DBF0000020087001208DF80F0003E000208DF850
:10DC00000F00FFE79DF80F0004B0704782B001904D
:10DC10008DF8031001989DF8031001F001010170C7
:10DC200002B0704781B0009000980021016041600F
:10DC30008160C16001B0704781B000900098002100
:10DC4000C4F2FA31016041F26F21C3F683214160D1
:10DC500040F6DA71C4F24901816001B070470000FA
:10DC600081B0009000980021C4F2FA31016041F2C5
:10DC70006F21C3F68321416040F6DA71C4F2490195
:10DC8000816001B07047000081B0009000980021D1
:10DC9000C4F2FA31016041F26F21C3F68321416081
:10DCA00040F6DA71C4F24901816001B070470000AA
:10DCB00081B0009000980021C4F2FA31016041F275
:10DCC0006F21C3F68321416040F6DA71C4F2490145
:10DCD000816001B07047000083B00190ADF8021080
:10DCE0000198808DBDF80210084204D0FFE70120A2
:10DCF0008DF80B0003E000208DF80B00FFE79DF886
:10DD00000B0003B07047000080B584B0039002910F
:10DD100003980190029A1178527841EA02216FF338
:10DD2000DF21A1F580610183029A51789278C908B8
:10DD300041EA42116FF3DF21A1F580614183029A2C
:10DD40009178D3781279890941EA830141EA8221E5
:10DD50006FF3DF21A1F580618183029A11795279F5
:10DD6000490841EAC2116FF3DF21A1F58061C18347
:10DD700002994979890980F8221002994979C1F3F9
:10DD8000011180F82310029A9179D27941EA022197
:10DD90008185B0F9180010F5806F2BD0FFE701984E
:10DDA000B0F91A0010F5806F24D0FFE70198B0F9A0
:10DDB0001C0010F5806F1DD0FFE70198B0F91E0020
:10DDC00010F5806F16D0FFE7019890F82200032825
:10DDD00010DCFFE7019890F8230003280ADCFFE736
:10DDE000019890F8220028B1FFE7019890F82300ED
:10DDF00020B9FFE7019800F013F8FFE704B080BDF9
:10DE000082B0019000910199009A1078527840EA0E
:10DE100002206FF3DF20A0F58060088402B0704715
:10DE200081B0009000990020088348838883C883CC
:10DE3000012281F8222081F8232081F82A0081F82C
:10DE40002B008884C88408850884888501B07047C1
:10DE500082B00190009101980099016002B0704772
:10DE600070B588B09E4614460D4606461198109926
:10DE70000F9A0E9BDDF834C0DDF830C0079606958A
:10DE80000594CDF810E0ADF80EC0ADF80C30ADF84B
:10DE90000A208DED010A8DF803108DF80200079815
:10DEA0000699016005994160049981600D99C160EE
:10DEB000BDF80E100182BDF80C1041824FF07E516A
:10DEC000C0F81C120021C0F82012C0F82412C0F8BB
:10DED00028129DF8032080F82C229DF8022080F85B
:10DEE0002D22C0F83812C0F83C12019AC0F8402226
:10DEF000BDF80A20A0F84622A0F84C1280F84E1275
:10DF000080F84F1208B070BD81B0009000980021D9
:10DF1000016041608160C160016101B07047000033
:10DF200080B590B009AA01920A4601990092024672
:10DF300000980F92ADF83A0081ED040AC1ED030A92
:10DF400081ED021AC1ED011A81ED002A0F980390AC
:10DF500091ED040AD0ED120A90ED131A1020FBF790
:10DF6000D9FD019902460398ADF8222091ED030AEC
:10DF7000D0ED140A90ED151A0C200290FBF7CAFDA3
:10DF8000019A039903460298ADF8203092ED020AF7
:10DF9000D1ED160A91ED171AFBF7BCFD019A039912
:10DFA00003460298ADF81E3092ED010AD1ED180A31
:10DFB00091ED191AFBF7AEFD019A039903460298F9
:10DFC000ADF81C3092ED000AD1ED1A0A91ED1B1A42
:10DFD000FBF7A0FD01460398ADF81A109DF8231039
:10DFE0008DF812109DF822108DF81310BDF8201036
:10DFF00009098DF81410BDF820209DF81F1041EA82
:10E0000002118DF815109DF81E108DF81610BDF830
:10E010001C1009098DF81710BDF81C209DF81B1065
:10E0200041EA02118DF818109DF81A108DF8191098
:10E030004068BDF83A100DF1120200F0D7F9014620
:10E04000039880F8441090F8440028B1FFE7039942
:10E05000086C01300864FFE7039890F8440010B0A2
:10E0600080BD000080B586B00590ADF8121005980F
:10E070000190FF218DF80A108DF80B108DF80C100F
:10E080008DF80D108DF80E108DF80F108DF8101002
:10E09000FC218DF811104068BDF812100DF10A0234
:10E0A00000F0A4F90146019880F8441090F844006B
:10E0B00028B1FFE70199086C01300864FFE7019877
:10E0C00090F8440006B080BD80B584B002900299FB
:10E0D00001914868C0690988884204D0FFE701209F
:10E0E0008DF80F005BE00199486890F8380000F067
:10E0F0000F000881486890F8380000094881486896
:10E10000B0F8390040BAC8604A6892F83B0092F80B
:10E110003C20000140EA12100861486890F83C2059
:10E1200090F83D0002F00F0240EA02204861C86802
:10E1300091ED120AD1ED130A1021FBF733FD01997D
:10E1400081ED060A086991ED140AD1ED150A0C213A
:10E150000091FBF727FD0099019A82ED070A5069AB
:10E1600092ED1A0AD2ED1B0AFBF71CFD019880ED17
:10E17000080A416891F83E1000EE101AB8EE400A05
:10E1800080ED090A416891F83F1000EE101AB8EED0
:10E19000400A80ED0A0A00208DF80F00FFE79DF885
:10E1A0000F0004B080BD000083B00290ADF80610EF
:10E1B00000920298BDF8061001800099416000218C
:10E1C00080F834100164032280F8442040F6DC72A9
:10E1D000CCF24902826440F6DC72C4F24902C264A5
:10E1E0000022CCF2F01202650022C4F2F012426565
:10E1F00081650022C4F2FA32C26501660021C4F2D0
:10E20000A00141660021CCF2201181660021C4F2F8
:10E210002011C16603B0704782B001900198009050
:10E22000007E38B9FFE7009901200876B1F90800AF
:10E23000C861FFE70099B1F90800C969401A4EF6B4
:10E240007741CFF6FF7188420ADCFFE70099086941
:10E2500041F6FF721044086148690130486114E0DA
:10E260000099B1F90800C969401A41F28931884220
:10E270000ADBFFE70099086941F6FF72801A08611E
:10E28000486901384861FFE7FFE700990869CA69F2
:10E29000801A0861B1F90820086910440861B1F9D1
:10E2A0000800C86102B0704780B584B0029002993E
:10E2B00001914868C0690988884223D1FFE7019825
:10E2C000416891F8382091F8391041EA0221018122
:10E2D000416891F83A2091F83B1041EA02214181CE
:10E2E000416891F83C2091F83D1041EA022181817A
:10E2F000416891F83E108173FFF78EFF00208DF882
:10E300000F0003E001208DF80F00FFE79DF80F00DC
:10E3100004B080BD83B00290ADF806100092029860
:10E32000BDF8061001800099416003B070470000FD
:10E3300080B58EB00D90ADF83210ADF830200D984C
:10E34000019002A82821F2F745F90198002180F8F0
:10E35000501008224261BDF8322007920891012234
:10E360000992029103910491059190F84800C00729
:10E3700018B9FFE70020069002E001200690FFE7B1
:10E38000019801210A91BDF830100B91006802A993
:10E39000F5F74EFA18B1FFE7F5F716F9FFE7019820
:10E3A0000068F6F72BFA18B1FFE7F5F70DF9FFE76C
:10E3B000019890F84800C00758B9FFE70198006835
:10E3C0000221F5F75FF918B1FFE7F5F7FDF8FFE770
:10E3D0000AE0019800681021F5F754F918B1FFE739
:10E3E000F5F7F2F8FFE7FFE70EB080BD80B586B025
:10E3F0000590ADF81210039205980190BDF8122017
:10E40000014641F8042F02910068F5F7F1FB019BEA
:10E41000029983F850001868039A4C33F5F75CF9B9
:10E4200006B080BD80B584B0029001910298009042
:10E4300090F84800C00760B9FFE700990B4653F811
:10E44000380B01F11C020021F5F7C8FA8DF80F0016
:10E450000BE000990B4653F8380B01F11C02012127
:10E46000F5F7BCFA8DF80F00FFE79DF80F0004B038
:10E4700080BD000010B586B08C4686460998089984
:10E48000CDF814E0ADF812C0ADF81020ADF80E30A4
:10E49000ADF80C10ADF80A0005989DF811108DF834
:10E4A00002109DF810108DF803109DF80F108DF8D4
:10E4B00004109DF80E108DF805109DF80D108DF8C4
:10E4C00006109DF80C108DF807109DF80B108DF8B4
:10E4D00008109DF80A108DF80910BDF812100DF102
:10E4E0000202FFF783FF06B010BD000083B0029068
:10E4F00001918DF803200298019901609DF80310A5
:10E5000001F0010180F8481003B070478DB00C9005
:10E510008DED0B0ACDED0A0A0C9808909DED0B0AC3
:10E520009DED0A1A30EE410A8DED090A90ED010ABF
:10E530009DED091A20EE010A80ED0C0A90ED041AF7
:10E5400090ED0C0AB1EE411AB4EE410AF1EE10FA68
:10E5500008DAFFE7089890ED040AB1EE400A8DED65
:10E56000070A1BE0089890ED041A90ED0C0AB4EE2F
:10E57000410AF1EE10FA06DDFFE7089890ED040A73
:10E580008DED060A05E0089890ED0C0A8DED060A5F
:10E59000FFE79DED060A8DED070AFFE708989DED60
:10E5A000070A80ED0C0A9DED092A90ED020A90ED14
:10E5B0000D1A20EE020A30EE010A80ED0D0A90EDF0
:10E5C000051A90ED0D0AB1EE411AB4EE410AF1EED2
:10E5D00010FA08DAFFE7089890ED050AB1EE400A54
:10E5E0008DED050A1BE0089890ED051A90ED0D0AD7
:10E5F000B4EE410AF1EE10FA06DDFFE7089890ED5F
:10E60000050A8DED040A05E0089890ED0D0A8DEDE0
:10E61000040AFFE79DED040A8DED050AFFE708985F
:10E620009DED050A80ED0D0A9DED091A90ED030A96
:10E6300090ED192A31EE421A20EE010A80ED0E0A01
:10E6400090ED061A90ED0E0AB1EE411AB4EE410AB1
:10E65000F1EE10FA08DAFFE7089890ED060AB1EE3D
:10E66000400A8DED030A1BE0089890ED061A90ED24
:10E670000E0AB4EE410AF1EE10FA06DDFFE7089843
:10E6800090ED060A8DED020A05E0089890ED0E0A5D
:10E690008DED020AFFE79DED020A8DED030AFFE70B
:10E6A00008989DED030A80ED0E0A90ED0C0A90ED9E
:10E6B0000D2A90ED0E1A30EE020A30EE010A80EDBE
:10E6C000100A90ED071A90ED100AB1EE411AB4EE5F
:10E6D000410AF1EE10FA08DAFFE7089890ED070A10
:10E6E000B1EE400A8DED010A1BE0089890ED071A83
:10E6F00090ED100AB4EE410AF1EE10FA06DDFFE7E4
:10E70000089890ED070A8DED000A05E0089890ED55
:10E71000100A8DED000AFFE79DED000A8DED010A5C
:10E72000FFE708999DED010A81ED100A09984866F6
:10E730000DB0704780B58EB00D908DED0C0ACDED0B
:10E740000B0A8DED0A1A0D9809909DED0C0A9DEDAE
:10E750000B1A30EE410A80ED000A90ED001A90EDA0
:10E76000010A20EE010A80ED0C0A90ED041A90EDEA
:10E770000C0AB1EE411AB4EE410AF1EE10FA08DAD1
:10E78000FFE7099890ED040AB1EE400A8DED080A02
:10E790001BE0099890ED041A90ED0C0AB4EE410AC2
:10E7A000F1EE10FA06DDFFE7099890ED040A8DED11
:10E7B000070A05E0099890ED0C0A8DED070AFFE7BE
:10E7C0009DED070A8DED080AFFE709989DED080AFF
:10E7D00080ED0C0A90ED000A00F070FA099890EDB7
:10E7E0000A1AB4EE410AF1EE10FA04DAFFE70999C9
:10E7F00000200860FFE7099890ED000A00F05EFA3B
:10E80000099890ED0B1AB4EE410AF1EE10FA43DAD2
:10E81000FFE7099890ED002A90ED020A90ED0D1A9D
:10E8200020EE020A30EE010A80ED0D0A90ED051A85
:10E8300090ED0D0AB1EE411AB4EE410AF1EE10FA74
:10E8400008DAFFE7099890ED050AB1EE400A8DED70
:10E85000060A1BE0099890ED051A90ED0D0AB4EE3A
:10E86000410AF1EE10FA06DDFFE7099890ED050A7E
:10E870008DED050A05E0099890ED0D0A8DED050A6C
:10E88000FFE79DED050A8DED060AFFE709989DED6E
:10E89000060A80ED0D0A11E0099890ED000A90ED4E
:10E8A0000D1A20EE010AB5EE400AF1EE10FA04DA74
:10E8B000FFE7099900204863FFE7FFE7099890ED1B
:10E8C000000A90ED031A8DED041A90ED191A30EE3E
:10E8D000410ADDED0A0A00F05BF90998B0EE401A32
:10E8E0009DED040A20EE010A80ED0E0A90ED061A55
:10E8F00090ED0E0AB1EE411AB4EE410AF1EE10FAB3
:10E9000008DAFFE7099890ED060AB1EE400A8DEDAE
:10E91000030A1BE0099890ED061A90ED0E0AB4EE7A
:10E92000410AF1EE10FA06DDFFE7099890ED060ABC
:10E930008DED020A05E0099890ED0E0A8DED020AB0
:10E94000FFE79DED020A8DED030AFFE709989DEDB3
:10E95000030A80ED0E0A90ED0C0A90ED0D2A90ED61
:10E960000E1A30EE020A30EE010A80ED100A90ED28
:10E97000071A90ED100AB1EE411AB4EE410AF1EE19
:10E9800010FA08DAFFE7099890ED070AB1EE400A9D
:10E990008DED010A1BE0099890ED071A90ED100A21
:10E9A000B4EE410AF1EE10FA06DDFFE7099890EDAA
:10E9B000070A8DED000A05E0099890ED100A8DED2B
:10E9C000000AFFE79DED000A8DED010AFFE70999B6
:10E9D0009DED010A81ED100A086848660EB080BD01
:10E9E00080B588B007908DED060ACDED050A079831
:10E9F00004909DED060A9DED051A30EE410A80ED6A
:10EA0000000A90ED000A00F059F9049890ED0A1AF6
:10EA1000B4EE410AF1EE10FA04DAFFE7049900209F
:10EA20000860FFE7049890ED000A00F047F90498A9
:10EA300090ED0B1AB4EE410AF1EE10FA3FDAFFE75F
:10EA4000049890ED001A90ED080A30EE010A80ED6E
:10EA5000080A90ED051A90ED080AB1EE411AB4EEDD
:10EA6000410AF1EE10FA08DAFFE7049890ED050A82
:10EA7000B1EE400A8DED030A1BE0049890ED051AF3
:10EA800090ED080AB4EE410AF1EE10FA06DDFFE758
:10EA9000049890ED050A8DED020A05E0049890EDCA
:10EAA000080A8DED020AFFE79DED020A8DED030ACB
:10EAB000FFE704989DED030A80ED080A03E004993E
:10EAC00000204863FFE7049890ED001A90ED010ADA
:10EAD00020EE010A80ED0C0A90ED020A90ED081A72
:10EAE00020EE010A80ED0D0A90ED001A90ED030A68
:10EAF00090ED1A2A31EE421A20EE010A80ED0E0A3C
:10EB000090ED0C0A90ED0D2A90ED0E1A30EE020AEF
:10EB100030EE010A80ED100A90ED071A90ED100A10
:10EB2000B1EE411AB4EE410AF1EE10FA08DAFFE74D
:10EB3000049890ED070AB1EE400A8DED010A1BE042
:10EB4000049890ED071A90ED100AB4EE410AF1EE28
:10EB500010FA06DDFFE7049890ED070A8DED000A34
:10EB600005E0049890ED100A8DED000AFFE79DED99
:10EB7000000A8DED010AFFE704999DED010A81ED80
:10EB8000100A886EC8660868886608B080BD0000F4
:10EB900080B586B005908DED040ACDED030A059889
:10EBA00000909DED030A30EE000A10EE100A01F00D
:10EBB0005DFF41EC100B9FED201B53EC112B51EC32
:10EBC000100B01F067FD41EC100B51EC100B9FEDA9
:10EBD0001C0B53EC102B01F05DFD41EC100B51ECC4
:10EBE000100B01F0A5FB019040F23C00C2F20000C6
:10EBF000006801280AD1FFE7009940F23C02C2F206
:10EC000000020020106004984862FFE7009991ED2F
:10EC1000091A9DED010A9DED042A32EE412A20EEEB
:10EC2000020A30EE010A8DED020A029848629DED5B
:10EC3000020A06B080BD00BF4AD8124DFB21094030
:10EC4000FCA9F1D24D62503F8AB009908DED080ABF
:10EC5000CDED070A8DED061ACDED051A8DED042ACE
:10EC6000CDED032A8DED023ACDED013A8DED004A4E
:10EC7000099808994160079981600699C1600599D2
:10EC8000016104994161039981610299C16101990E
:10EC900081620099C16200218164C164016541659E
:10ECA000A0F85810A0F85A10A0F85C10A0F85E1058
:10ECB0004FF07C5101660AB07047000081B08DEDC5
:10ECC000000A9DED000AB0EEC00A01B0704741F2A3
:10ECD0000840C2F2000000687047000010B504460A
:10ECE000012898BF012400BF2046F1F701FD00284C
:10ECF00018BF10BDFFF7EBFF08B18047F4E7002015
:10ED000010BD000081B08DF803009DF903000028BC
:10ED10000ED4FFE79DF9031001F01F02012090407F
:10ED20004A094EF20011CEF2000141F82200FFE73D
:10ED300001B070474EF60C50CEF200000068C0F3F0
:10ED40000220704782B08DF8070000919DF90700FE
:10ED500000280AD4FFE7009800019DF907104EF241
:10ED60000042CEF2000288540BE0009800019DF8AA
:10ED7000071001F00F014EF61452CEF20002885433
:10ED8000FFE702B07047000083B00290029800F0E5
:10ED9000070000904EF60C51CEF200010868019079
:10EDA00001984FF6FF02104001900198009A40EA46
:10EDB00002200022C0F2FA5210430190019808602C
:10EDC00003B0704780B540F6D450C2F20000FEF7A1
:10EDD00033FF80BD80B540F6E450C2F20000FEF77C
:10EDE0003FFF80BD80B540F6F450C2F20000FEF750
:10EDF0004BFF80BD80B540F60460C2F20000FEF714
:10EE000057FF80BD80B582B01020FFF767FF0190EB
:10EE1000FEF708FF019841F21471C2F20001086088
:10EE200002B080BD80B540F6D470C2F2000040F25E
:10EE30008022C2F200024FF40171FFF76BFA80BD2D
:10EE400080B540F63060C2F2000040F28022C2F28B
:10EE500000021221FFF7A8F980BD000080B541F241
:10EE6000F410C2F2000040F28022C2F2000211212E
:10EE7000FFF79AF980BD000080B541F2A420C2F2EC
:10EE8000000040F22C22C2F200021221FFF78CF99E
:10EE900080BD000080B541F2FC00C2F20000B1EE7E
:10EEA0000C0ADFED091A9FED093A9FED094AF0EED1
:10EEB000440AB0EE441AB0EE442AF0EE442AF0EED2
:10EEC000443AFFF7C1FE80BD0000AF430000FA43A3
:10EED0000000000080B541F26C10C2F20000B3EEF9
:10EEE000040AB2EE041ADFED082A9FED083A9FEDFE
:10EEF000084AF0EE440AF0EE431AB0EE442AF0EE6F
:10EF0000443AFFF7A1FE80BD000048430000FA43E9
:10EF10000000000080B541F28400C2F20000B1EEB2
:10EF2000040A9FED093A9FED094AF0EE440AB0EE5B
:10EF3000441AF0EE431AB0EE442AF0EE442AF0EE02
:10EF4000443AFFF781FE80BD00204B4600000000E0
:10EF500080B540F66470C2F20000B1EE040A9FED85
:10EF6000093A9FED094AF0EE440AB0EE441AF0EE79
:10EF7000431AB0EE442AF0EE442AF0EE443AFFF78A
:10EF800063FE80BD00204B460000000080B540F6C7
:10EF9000D460C2F20000B1EE040A9FED093A9FED81
:10EFA000094AF0EE440AB0EE441AF0EE431AB0EE0D
:10EFB000442AF0EE442AF0EE443AFFF745FE80BDC5
:10EFC00000204B460000000080B540F6F470C2F20D
:10EFD0000000B1EE040A9FED093A9FED094AF0EEF8
:10EFE000440AB0EE441AF0EE431AB0EE442AF0EEB2
:10EFF000442AF0EE443AFFF727FE80BD00204B463E
:10F000000000000080B582B01420FFF767FE019079
:10F01000FEF77AFF019841F6A431C2F200010860C0
:10F0200002B080BD80B541F6C020C2F200009FED65
:10F030000A0A9FED0A3ADFED0A3A9FED0A4AF0EE1E
:10F04000440AB0EE441AF0EE431AB0EE442AF0EE51
:10F05000442AFFF7F9FD80BD0000F0420000A842FD
:10F060008FC2753D0000000080B541F63030C2F21D
:10F0700000009FED0A0AB3EE043ADFED093A9FED76
:10F08000094AF0EE440AB0EE441AF0EE431AB0EE2C
:10F09000442AF0EE442AFFF7D7FD80BD0AD7A33EED
:10F0A000CDCC4C3E0000000080B541F67050C2F25D
:10F0B00000009FED0A0A9FED0A3ADFED0A3A9FED44
:10F0C0000A4AF0EE440AB0EE441AF0EE431AB0EEEB
:10F0D000442AF0EE442AFFF7B7FD80BD0000F0425D
:10F0E0000000A8428FC2753D0000000080B541F6C7
:10F0F000E050C2F200009FED0A0AB3EE043ADFEDE1
:10F10000093A9FED094AF0EE440AB0EE441AF0EED7
:10F11000431AB0EE442AF0EE442AFFF795FD80BD75
:10F120000AD7A33ECDCC4C3E0000000080B541F68E
:10F13000AC30C2F200009FED0A0ADFED0A0A9FED33
:10F140000A1ADFED0A1A9FED0A2ADFED0A2A9FED5F
:10F150000A3AF0EE043AB7EE004AFFF775FD80BDBB
:10F1600000002C42CDCC4C3D000096420000614492
:10F17000000016430000484300002F4480B541F6CC
:10F18000FC40C2F200009FED0A0ADFED0A0AB0EE71
:10F190000C2ADFED092A9FED093AF7EE003A9FEDC0
:10F1A000084AB0EE621AF0EE431AFFF74DFD80BD3B
:10F1B000CDCC4C3DFAEDEB390000000000004042A0
:10F1C0000000344280B541F61C40C2F200009FEDC1
:10F1D0000A0ADFED0A0A9FED0A1ADFED0A1A9FED0F
:10F1E0000A2ADFED0A2A9FED0A3AF0EE003A9FED77
:10F1F000094AFFF729FD80BD000004420AD7A33D5C
:10F200000000704200002F440000164300007A43C3
:10F210000000FA43CDCC4C3F80B541F68C40C2F2A1
:10F2200000009FED0A0ADFED0A0AB0EE002ADFEDCA
:10F23000092AB3EE0E3AF7EE003A9FED074AB0EE18
:10F24000621AF0EE431AFFF7FFFC80BDCDCC4C3DB7
:10F2500017B7D1390000000000000C4280B540F61D
:10F260007850C2F20000FEF797FC80BD80B586B0F2
:10F270006946032048610020086140F6B830C86044
:10F280008020886040F20043C4F202034B604020BB
:10F29000086040F2D420C2F2000041F21871C2F2BC
:10F2A000000141F64802C2F200029FED030AFEF798
:10F2B000D7FD06B080BD00BF9A99D93F80B582B016
:10F2C0001420FFF70BFD0190FEF71EFE019841F69A
:10F2D000A831C2F20001086002B080BD80B541F2E1
:10F2E000F700C2F20000FEF737FA80BD80B540F6A5
:10F2F0001C60C2F20000FEF707FE80BD80B541F23F
:10F30000E010C2F20000FEF7FFFD80BD80B541F2C3
:10F310006D20C2F200000021FEF778FC80BD0000E5
:10F3200080B541F27420C2F200000021FEF76EFCAD
:10F3300080BD000080B541F26C20C2F200000021C7
:10F34000FEF764FC80BD000080B541F27820C2F277
:10F3500000000021FEF75AFC80BD000080B541F29C
:10F360007920C2F200000021FEF750FC80BD0000B1
:10F3700080B541F27720C2F200000021FEF746FC82
:10F3800080BD000080B541F27620C2F2000000216D
:10F39000FEF73CFC80BD000080B541F21430C2F2A3
:10F3A000000041F6F811C2F20001FEF751FD80BDE8
:10F3B00080B541F26F20C2F200000021FEF726FC6A
:10F3C00080BD000080B541F27A20C2F20000002129
:10F3D000FEF71CFC80BD000080B541F27120C2F236
:10F3E00000000021FEF712FC80BD000080B541F254
:10F3F0007020C2F200000021FEF708FC80BD000072
:10F4000080B541F27220C2F200000021FEF7FEFB3F
:10F4100080BD000080B540F28020C2F2000041F2C1
:10F420002441C2F200010022FFF760F880BD000015
:10F4300080B540F22C20C2F2000041F24C41C2F2F1
:10F4400000010122FFF752F880BD000080B541F2B3
:10F450006400C2F2000040F28022C2F2000240F2D8
:10F460000121FEF757FF80BD80B540F64470C2F21F
:10F47000000040F28022C2F2000240F20221FEF7B8
:10F4800049FF80BD80B540F6B460C2F2000040F292
:10F490008022C2F2000240F20321FEF73BFF80BD52
:10F4A00080B588B0002001900790F5F775FFFBF755
:10F4B000BBFDF9F77FF8F9F717F8F8F7C5FFF8F78C
:10F4C000EBFFF9F7EDF8F9F755F9F9F795F9F9F7D1
:10F4D00089FAF9F7A7FAF9F7C5FAF9F709F9F9F787
:10F4E000CFF9F9F75FFAF9F7F9F9F9F73BFA4FF4C1
:10F4F000FA60F5F727FD019A40F28020C2F2000081
:10F500001146FEF715FF0520F5F71CFD40F22C20F3
:10F51000C2F20000012204921146FEF709FF41F2F7
:10F52000F412C2F2000203920020C4F2F020D0666E
:10F5300040F63061C2F200010291C8660020CCF2B0
:10F54000F020906688660A20F5F7FCFCF3F7CEF809
:10F5500002980221FEF786FD14200590F5F7F2FCD3
:10F5600003980499FEF77EFD0598F5F7EBFC41F250
:10F570007070C2F20000F6F757FF41F60000C2F2C9
:10F580000000F6F751FF41F2B870C2F20000F6F742
:10F590004BFF41F64800C2F20000F6F745FFFFE7D7
:10F5A000FCF7C0FC40F23201C2F2000100200870FA
:10F5B000FCF776F9F8F72EFF41F2DC31C2F20001D8
:10F5C0000870F5F7D5FE0690069841F20441C2F2A4
:10F5D00000010968401A142827D3FFE7069841F272
:10F5E0000441C2F20001086041F27830C2F200002A
:10F5F000006801F03BFA41EC100B53EC102B41F684
:10F600004020C2F20000009041F21001C0F601015A
:10F61000F0F734FF009982B241F62010C2F20000E8
:10F620004FF6FF73F8F758FEFFE7B9E782B0FFE740
:10F6300041F66060C2F20000006801904EF21800CE
:10F64000CEF2000000680090FFE7019841F660618B
:10F65000C2F2000109688842EAD1FFE7019841F649
:10F660006463C2F200031A684FF47A714A43DDF80A
:10F6700000C0A2EB0C021B68B2FBF3F200FB0120FE
:10F6800002B070475FEA400C08BF91F0000F4FEAEC
:10F690008C234FEAC12243EA51514FEA1C5018BF54
:10F6A00000F5F0404FEA300018BF41F000415FEA3A
:10F6B0006C5C00F02980BCF1FF3F08BF40F0804047
:10F6C0007047130C06BF12044FF0100C4FF0000CE3
:10F6D000130E04BF12020CF1080C130F04BF120129
:10F6E0000CF1040C930F04BF92000CF1020CD30F29
:10F6F00004BF52000CF1010C11464FF00002A0F1C2
:10F700001F00A0EB0C00704711F0004F08BF7047BE
:10F7100031F000413FF4D5AF0B0C06BF09044FF0A8
:10F72000100C4FF0000C0B0E04BF09020CF1080C7A
:10F730000B0F04BF09010CF1040C8B0F04BF8900EF
:10F740000CF1020CCB0F04BF49000CF1010CCCF101
:10F75000200322FA03F341EA030102FA0CF2A0EBC0
:10F760000C0000F10100704723F07F4720F07F4C30
:10F7700080EA030000F00040ACEB070303F57C5384
:10F7800003F1FF032DE9804909B44FEA144324EA49
:10F7900003484FEA154B25EA0B4E0FF2042606EB01
:10F7A00013273E7803FB0667C7F5000707FB06F63D
:10F7B0004FEAD64606F102064FEA543707FB066CBD
:10F7C000CCF1005C4FEA1C472CEA074C0CFB06F519
:10F7D00007FB06F404EB15464FEA961649085FEA64
:10F7E000320234BF00204FF000404FEAD13706FB11
:10F7F00007FC4FEA1C4C0CFB0BF7D21B03FB0CF76E
:10F8000061EB07010CFB0EF7B0EB074072EB174200
:10F810000CFB08F734BFA2EB0742B2EB074261EBE7
:10F8200017414FEA0C444FEA910706FB07FC4FEAE9
:10F830001C4C0CFB0BF7B0EBC74072EB573203FBD1
:10F840000CF734BFA2EBC742B2EBC74261EB5731B2
:10F850000CFB0EF7B0EBC70072EB57720CFB08F70E
:10F8600034BFA2EBC702B2EBC70261EB57714FEA9C
:10F87000816141EA92114FEA826242EA90124FEAB4
:10F88000806004EBCC04039F4FEAD13706FB07FCF2
:10F890004FEA1C4C0CFB0BF7D21B03FB0CF761EB84
:10F8A00007010CFB0EF7B0EB074072EB17420CFBA5
:10F8B00008F734BFA2EB0742B2EB074261EB1741F6
:10F8C0004FEA8C5504EB9C244FEA910706FB07FC9A
:10F8D0004FEA1C4C0CFB0BF7B0EBC74072EB5732F6
:10F8E00003FB0CF734BFA2EBC742B2EBC74261EB9C
:10F8F00057310CFB0EF7B0EBC70072EB57720CFBE5
:10F9000008F734BFA2EBC702B2EBC70261EB577135
:10F910004FEA816141EA92114FEA826242EA901213
:10F920004FEA806015EB4C2544F100044FEAD137D3
:10F9300006FB07FC4FEA1C4C0CFB0BF7D21B03FB2E
:10F940000CF761EB07010CFB0EF7B0EB074072EB15
:10F9500017420CFB08F734BFA2EB0742B2EB074299
:10F9600061EB17414FEA813141EA92414FEA82321D
:10F9700042EA90424FEA80304FEA0C7615EB1C15B4
:10F9800044F1000448EA03434EEA0B484FF0000EEE
:10F99000B2EB080C71EB030724BF624639464EEB0D
:10F9A0000E0E4FF0000B0018524149414BEB0B0B70
:10F9B000B2EB080C71EB03077BF1000B24BF62462E
:10F9C00039464EEB0E0E4FF0000B001852414941E4
:10F9D0004BEB0B0BB2EB080C71EB03077BF1000B4D
:10F9E00024BF624639464EEB0E0E51EA020718BF9D
:10F9F00046F0010616EB0E7655F1000254F10001B7
:10FA000003D5BDE88901BDE80088BDE88901BDE8EE
:10FA10000048B619524141EB0101A3F101037047BF
:10FA200080807F7E7D7C7B7A79787776767574733B
:10FA3000727171706F6E6E6D6C6C6B6A6A696868FA
:10FA4000676666656464636362616160605F5F5E90
:10FA50005E5D5D5C5C5B5B5A5A5959585857575606
:10FA6000565555555454535352525251515050506B
:10FA70004F4F4F4E4E4D4D4D4C4C4C4B4B4B4A4ABD
:10FA80004A49494948484847474747464646454501
:10FA9000454444444443434343424242424141413A
:10FAA0009C46002B30D477002BD04FEA37071CB58B
:10FAB00003B44FF010004FF01001BAF1000F06D060
:10FAC000BCF1000FDCBF40F0080040F008014FF02F
:10FAD00000000FBCBDE810400BF1010BBBF1010FA2
:10FAE00008BF5FEA170722BF12F1010211F10101FD
:10FAF0004FF0004143F1000300F0004043EA0000F2
:10FB00007047F9D35708D0E746EA06464FEA16464B
:10FB100013F1400F1FDD13F1200FDFBF16430A461C
:10FB2000002120335B42BED0C3F1200746EA0646DF
:10FB30004FEA164602FA07F746EA070622FA03F2E8
:10FB4000C3F1200701FA07F742EA070221FA03F19D
:10FB50004FF00003A7E746EA020646EA06464FEAE8
:10FB6000164646EA0106BCBF46EA0646360C4FF08A
:10FB700000034FF000024FF0000194E72DE9804CA4
:10FB800070B49A46934691E8380007C831EA400CB1
:10FB900048BF34EA430C03D5FFF7E6FDFFF780FFCB
:10FBA000F0BCBDE8008C2DE9804C70B49A469346B9
:10FBB00091E8380007C810F0804F08BF13F0804F5D
:10FBC00003D100F005F8FFF76BFFF0BCBDE8008C37
:10FBD00020F07F4723F07F4C80EA030000F00040D4
:10FBE00007EB0C03A3F57C53A3F1FE0392F0000F87
:10FBF00000F0B38095F0000F00F077802DE9014907
:10FC00004FEA114021EA00484FEA144624EA064729
:10FC100000FB06FC08FB06F607FB08F818EB064895
:10FC20004CEB164C00FB07F718EB07484CEB174062
:10FC30004FEA124B22EA0B4E4FEA154625EA0647D9
:10FC40000BFB06FC0EFB06F607FB0EFE1EEB064E3C
:10FC50004CEB164C0BFB07F71EEB074E4CEB174B10
:10FC600018EB0B0840F1000018EB0E0B58EB0008E6
:10FC700040F100008F1A4FF000014FF000063CBF2A
:10FC8000C943661B14BFB5EB040C00213CBFC9433C
:10FC9000F61B4FEA174427EA04454FEA1C472CEAB3
:10FCA000074C04FB076205FB07F70CFB05F616EB98
:10FCB000074642EB174204FB0CFC16EB0C4642EBEA
:10FCC0001C421BEB060658EB020241414EEA8E0E27
:10FCD00046EA9E0601D5BDE80189B619524141EBBD
:10FCE0000101A3F10103BDE801894FEA144524EAAB
:10FCF00005464FEA114721EA074C05FB07F406FBCE
:10FD000007F70CFB06F111EB074144EB174405FB29
:10FD10000CFC11EB0C4144EB1C444FEA124722EA65
:10FD2000074C05FB07F206FB07F70CFB06F616EB84
:10FD3000074642EB174205FB0CFC16EB0C4642EB68
:10FD40001C456A1854F1000148BF7047B61952416A
:10FD500041EB0101A3F10103704795F0000F37D08B
:10FD60004FEA114221EA02464FEA144724EA074CBF
:10FD700002FB07F106FB07F70CFB06F414EB074444
:10FD800041EB174102FB0CFC14EB0C4441EB1C4112
:10FD90004FEA154725EA074C02FB07F506FB07F774
:10FDA0000CFB06F616EB074645EB174502FB0CFC71
:10FDB00016EB0C4645EB1C42121951F1000148BFED
:10FDC0007047B619524141EB0101A3F1010370479D
:10FDD0004FEA144524EA05464FEA114721EA074C49
:10FDE00005FB07F106FB07F70CFB06F212EB0742D7
:10FDF00041EB174105FB0CFC12EB0C4251EB1C4193
:10FE00004FF0000648BF7047921841EB0101A3F183
:10FE10000103704703B401984100009850EAC120E3
:10FE200018BF04204A0D18BF40F0010040F2FF72D5
:10FE3000B2EB515F08BF40F00200012808BF052067
:10FE400002B070474100080218BF04200A0E18BF14
:10FE500040F001004FF07F4232EA010108BF40F05C
:10FE60000200012808BF05207047000010EE101A9C
:10FE700008B5444A6846B2EB410F28D94FF0E64036
:10FE8000B0EB410F94BF00204FF0FF30009000987E
:10FE9000002861DB60EE000A10F0010F45D010F081
:10FEA000020FDFED391A9FED391A00EEA11ADFEDCE
:10FEB000381A40EE811A21EEA01AF0EE400A40EE08
:10FEC000010A08BFF1EE600AB0EE600A08BD314BCE
:10FED00021F0004293423CD911F0004FDFED2E0A91
:10FEE00020EE201ADFED2D0A19BF31EE601A71EEF7
:10FEF000200A31EE201A71EE600ABDEEE01A11EE12
:10FF0000100A9FED271A00F0030000EEC10A9FEDD2
:10FF1000251A009000EEC10A9FED231A00EEC10AD7
:10FF20009FED221A00EEC10AB1E79FED211A9FED65
:10FF3000210A10F0020F00EE810A9FED1F1A00EE59
:10FF4000801AB7EE000A00EE810A18BFB1EE400A2F
:10FF500008BD00F00FF99AE710EE100A4000B0F16A
:10FF60007F4F3CBFB7EE000A08BD07D14FF001003C
:10FF7000F0F719FCBDE8084000F0ECB8BDE8084017
:10FF800000F0E4B8B61F927E336D4CB9DA82083CBB
:10FF9000A0AA2ABE490E494683F9223F0000004B21
:10FFA0000000C93F00A0FD390020A2331A61342CA3
:10FFB000B93AB2BACA9F2A3DDDFFFFBE00B510EEC6
:10FFC000101A2DED028B81B0524A6846B2EB410FF8
:10FFD0002ED94FF0E640B0EB410F94BF00204FF018
:10FFE000FF3000900098B0EE408A00286ADB10F0E5
:10FFF000010F4BD068EE080A9FED471A9FED470AA4
:020000040801F1
:1000000000EE810A9FED461A10F0020F00EE801AF2
:10001000B7EE000A00EE810A02BF01B0BDEC028B10
:1000200000BD00BF01B0B1EE400ABDEC028B00BDC7
:100030003C4B21F00042934241D911F0004FDFEDDB
:100040003A0A20EE201ADFED390A19BF31EE601AA4
:1000500071EE200A31EE201A71EE600ABDEEE01A50
:1000600011EE100A9FED321A00F0030000EEC10AF3
:100070009FED301A009000EEC10A9FED2F1A00EE9E
:10008000C10A9FED2E1A00EEC10AABE728EE080A5E
:100090009FED2B1ADFED2B0A10F0020F40EE010A44
:1000A0009FED291A00EE201A61EE000AB0EE480A10
:1000B00008EE200AB6D101B0BDEC028B00BD00F005
:1000C00059F88FE718EE100A4000B0F17F4F0DD2BB
:1000D00018EE100AFFF7B6FE042808BF00F042F839
:1000E000B0EE480A01B0BDEC028B00BD09D1012081
:1000F000F0F759FB01B0BDEC028B5DF804EB00F0AA
:1001000029B801B0B0EE480ABDEC028B5DF804EBF3
:1001100000F01CB8B61F927EB93AB2BACA9F2A3D07
:10012000DDFFFFBE490E494683F9223F0000004B28
:100130000000C93F00A0FD390020A2331A61342C11
:10014000336D4CB9DA82083CA0AA2ABE30EE000A10
:1001500070470000DFED020A80EEA00A7047000041
:10016000000000009FED020A20EE000A7047000028
:10017000000000102DE9F0014FF07F42B2EB410F7B
:100180009FBF4FF0FF310160BDE8F00170474FF0B5
:10019000004242EA0123C1F3C752783A551112F0E6
:1001A0001F0C434CCCF120067C44C1F3C752A2F192
:1001B00078024FEA621204EB820254F8254008BF2D
:1001C000D2E9015612D0556804FA0CF425FA06F764
:1001D0003C43976805FA0CF527FA06F8D26807FA47
:1001E0000CFCF24045EA08054CEA0206A4FB034C6D
:1001F000A5FB0352A6FB03631D449D4234BF0126A9
:1002000000261319334416B1934202D903E09342F6
:1002100001D2012200E00022624402F1200C920689
:10022000DC0C42EA443200EE102A5B03DFED210AC7
:10023000F8EEC01A00EE103A4FEA9C1C11F0004F85
:10024000B8EE400AC0F800C020EE201A00EE105AA6
:10025000DFED190AB8EE400A20EE200A71EE810A9D
:1002600070EE800A10EE902A02F500626FF30B0226
:1002700000EE902A70EEE11A31EEC11ADFED101A8D
:1002800030EE411A9FED0D0A20EE800A01EE210AA0
:100290009FED0C1A00EE810A04BFBDE8F001704723
:1002A000CCF180510160BDE8F001B1EE400A704729
:1002B000680A0000000000360000802C22AAFD29F8
:1002C000DB0FC92F0000C92F30380A2801D20120C6
:1002D000704700207047000010B500290AD0087848
:1002E000002807D005487844F0F79EF9002801D08F
:1002F000002010BD0248784410BD00005A0D0000D7
:10030000520D000010B500290AD00878002807D047
:1003100005487844F0F788F9002801D0002010BD86
:100320000248784410BD00003E0E0000360E00006A
:1003300021F0004201F00043A2F16052B2F5801FAB
:1003400028BFD2F17F6C0BD95FEA001C43EAC202DE
:1003500042EB507018BF704728BF20F00100704773
:10036000B2F5801FBCBF184670474FEA410C1CF520
:10037000001F02D2084600F021BC70B500F034FA2C
:1003800000000089FFF7F6BF4FF00040A0F58000A5
:100390007047000010B591EA030F48BF83F0004397
:1003A00000F17E82841A71EB030C05D2121943EB23
:1003B0000C03001B61EB0C014FEA1154A4EB135C1E
:1003C000DFF81CE11EEA430F18BF9EEA445F00F00D
:1003D000748021EA045123EA0E0343F48013DCF114
:1003E000200E32D322FA0CFE10EB0E0023FA0CFE84
:1003F00041EB0E01CCF1200E03FA0EFE10EB0E00C5
:10040000CCF1200E51F10001B1F5801F32D201EB89
:10041000045112FA0EF2BDE8104058BF7047401C5C
:1004200038BF5FEA420218BF7047002814BF20F0AF
:10043000010041F100014FEA410313F5001F38BFED
:100440007047A1F1C04100F01DBA012A43EB03023D
:10045000ACF1200CDCF11F0E32BF4FF0000E23FA7E
:100460000CF310EB030041EB0451B4EB115FD0D05F
:10047000A1EB045101F58011490801EB04515FEA39
:1004800030000ED350F1000038BF12FA0EFE08D132
:10049000BDE81040C9E7401C38BF5FEA4202CAD13C
:1004A000C3E7BDE810404FEA410313F5001F38BF12
:1004B0007047A1F1C04100F0E5B99EEA445F08D061
:1004C00011EA5E0FBDE8104004BF01F000410020BA
:1004D0007047BDE8104070B500F086F964FBBE3E81
:1004E0000000E0FF491058BFC1F140415B1058BF08
:1004F000C3F140438B42EFF30080704751EA030C95
:1005000017D41CF5801F58BFBCF5801F00F1068072
:10051000994218BF704708BF9042704707D711F53E
:10052000801F58BF13F5801F19D499427047894224
:1005300070471CF5801F08D5BCF5801FF7D58B428E
:1005400018BF704708BF824270474FF4001C1CEB75
:10055000410F38BF1CEB430F01D28B42704770B57F
:1005600000F042F9922449004FF000514FF08053BF
:10057000FFF7B8BF10F0004248BF4042B0FA80F326
:1005800010FA03F10AD0C3F11D0303F5806302EBF7
:1005900003524FEA415002EBD12170474FF0000067
:1005A0007047000051EA030C17D41CF5801F58BF98
:1005B000BCF5801F00F10680994218BF704708BF44
:1005C0009042704707D711F5801F58BF13F5801F61
:1005D00019D499427047894270471CF5801F08D58D
:1005E000BCF5801FF7D58B4218BF704708BF824209
:1005F00070474FF4001C1CEB410F38BF1CEB430F3E
:1006000001D28B42704770B500F0EEF89224490099
:100610004FF080514FF00053FFF764BF51EA030CD5
:1006200017D41CF5801F58BFBCF5801F00F1068051
:10063000994218BF704708BF9042704707D711F51D
:10064000801F58BF13F5801F19D499427047894203
:1006500070471CF5801F08D5BCF5801FF7D58B426D
:1006600018BF704708BF824270474FF4001C1CEB54
:10067000410F38BF1CEB430F01D28B42704770B55E
:1006800000F0B2F8922449004FF000514FF080532F
:10069000FFF728BF70B5DFF848C11CEA111E1EBF66
:1006A0001CEA13159EEA0C0F95EA0C0F00F06F8000
:1006B00081EA03044EEAD47EAE4421EA4C1123EAD7
:1006C0004C1341F4801143F48013AEF17F7EA1FB03
:1006D000024CA0FB0365361955EB0C05A1FB034C3E
:1006E0004CF10003A0FB021C16EB0C06654153F114
:1006F0000003094218BF46F0010613F4007F0BD136
:100700004FEA03314FEA053041EA155140EA1650ED
:1007100034036FF003020AE04FEAC3214FEAC52019
:1007200041EA555140EA5650F4026FF0020202EBE2
:100730002E4201EB025585EACE710AD05FEA440CE5
:1007400018BF24F0004450F1000041F1000120EAFC
:10075000D47040F2FE7C624500D270BDA84214BF46
:100760004FF080444FF04044002E08BF0024BEF1FB
:10077000806FA8BFA1F1C041BDE8704080F28280C7
:1007800001F1C04101F000414FF0000070470CEA58
:1007900013159EEA0C0F18BF95EA0C0F06D081EADC
:1007A000030E4FF000000EF0004170BD00F01CF889
:1007B0008900013E00F007B800F009B84FEA430C89
:1007C0005FEA5C5C08D081EA030100F05BB84FEAA5
:1007D000410C5FEA5C5CF6D102494FF000007047C3
:1007E0000000FF070000F87F0EF1020E2EF0030E4E
:1007F0005EF8046B364205D4012A43EB030515F578
:10080000001F12D8012841EB010C1CF5001F0CD869
:100810000ED14FEAD17C0CEB4C0C0CF1020C15F50F
:10082000001F08BF4CEBD37C04E04FF0080C01E044
:100830004FEAD37C0CEB4C0526FA05F606F00706CA
:10084000B6F1040C06D20EEB860CBDE870404CF0FD
:10085000010C6047DFE80CF0090B02024FF0004189
:10086000A1F500214FF0000070BD19461046012887
:1008700051EB010418BFD4F5001484BF002001F02F
:10088000004170BD0808A0F500114FEA3101704722
:1008900010B591EA030F48BF83F000433FF582ADE6
:1008A000841A71EB030C07D28CF0004C121943EB45
:1008B0000C03001B61EB0C014FEA1154A4EB135C19
:1008C000DFF8A4E11EEA430F18BF9EEA445F00F080
:1008D000B48021EA045123EA6E035242C3EB6E0353
:1008E00038BF5B1EDCF1200E25D322FA0CFE10EB84
:1008F0000E0043FA0CFE41EB0E01CCF1200E03FA80
:100900000EFE10EB0E00CCF1200E51F1000129D4A7
:1009100001EB045112FA0EF2BDE8104058BF7047C7
:10092000401C1CBFB2F1004F704700280CBF491C8F
:1009300020F00100704712EB020E43EB030218BFD8
:100940004FF0010E4EEA4202ACF1200CDCF11E0E1B
:1009500056D943FA0CFE10EB0E00CCF11E0E51F1ED
:10096000FF31D5D50EF1010E12FA0EFE404141EBDA
:10097000010101EB445C5FEA5C5C10D901EB0451BE
:1009800010EBDE7038BFBEF1004FBDE8104018BF5D
:10099000704700280CBF491C20F00100704734D27A
:1009A0004FEAD42C24F4006411F500111BD0B1FAE5
:1009B00081F20B3AA41AA41ED2F12003914030FA1E
:1009C00003F31943904001EBCC7101EB0451002C6F
:1009D000BDE81040A8BF704701F1C04101F00041DF
:1009E0004FF000007047B0FA80F310FA03F102D123
:1009F000BDE810407047E41A173C4805C90AE2E711
:100A000001EB0451BDE81040704749104FEA300037
:100A100001EB0451BDE8104002E04FF000017047C7
:100A20004A0008BF0042F8D0B2F5001F28BF704747
:100A300001F000414FF0000070479EEA445F07D08C
:100A400011EA5E0FBDE8104004BF0021002070478E
:100A5000BDE8104070B5FFF7C7FE00BF40DFF63EAF
:100A6000104683F0004170470000E0FF43004FEA6A
:100A7000D30C4FEA3C0C43401FBF40070CF16051C0
:100A800013F0FE4F70471CF0006F03D10CF00041D3
:100A9000002070470CF0004343EA507040EACC005D
:100AA00010B500F038F800BF000000924FEA0001D6
:100AB000FFF7E8BE4FF00041A1F500214FF0000024
:100AC000704710B5FFF71AFD0CBF0120002010BDC4
:100AD00010B5FFF713FD14BF0120002010BD10B5A5
:100AE000FFF760FD8CBF0120002010BD10B5FFF79F
:100AF00059FD2CBF0120002010BD10B5FFF78EFD61
:100B000094BF0120002010BD10B5FFF787FD34BF52
:100B10000120002010BD0EF1020E2EF0030E5EF833
:100B2000044B244204D44FEA4102B2F17F4F11D862
:100B30004FEA4003B3F17F4F0CD80ED14FEAD07C7F
:100B40000CEB4C0C0CF1020CB2F17F4F08BF4CEBDC
:100B5000D17C04E04FF0080C01E04FEAD17C0CEBB3
:100B60004C0324FA03F404F00704B4F1040C06D295
:100B70000EEB840CBDE810404CF0010C6047DFE840
:100B80000CF0070802024FF00040A0F5800010BDF5
:100B90000846420018BFD2F1807288BF00F00040C2
:100BA00010BDF1EE100A4FF6FF71C0F2C03120EA1D
:100BB000010040F04070E1EE100A7047FF2141EA69
:100BC000D050C0057047F0F776BAF0F7ABBB000025
:100BD0000000000000000000303132333435363779
:100BE0003839414243444546403058003031323371
:100BF0003435363738396162636465664030780071
:100C000004000008000000000000000200010000D5
:100C100010000000000000006E83F9A22915444E68
:100C2000D15727FCC0DD34F5999562DB4190433CF8
:100C3000AB6351FE30313233343536373839616287
:100C40006364656678700030313233343536373856
:100C500039414243444546585000000002400000DC
:100C6000000000A00000000005400000000000C8D7
:100C7000000000000C4000000000409C000000004C
:100C8000194000000020BCBE0000000034400000FD
:100C9000BFC91B8E00000004B5400000504BCFD0F0
:100CA0006607E2CF010000006C4100003E8251AABD
:100CB000DFEEA73401000000D9420000DCB5A0E25D
:100CC0003A301F97FFFFFFFFB4450000FD25A0C885
:100CD000E9A3C14FFFFFFFFFFF3F000000000080BE
:100CE00000000000FF3F0000000000800000000046
:100CF00000000000000000000102030406070809CC
:100D00000000000001020304000610160006101681
:100D10000000891112239B322446AD573665BF74FB
:100D2000488CC19D5AAFD3BE6CCAE5DB7EE9F7F8AB
:100D30008110080193331A22A5562C47B7753E64DB
:100D4000C99C408DDBBF52AEEDDA64CBFFF976E88B
:100D500002218B30100299132667AF763444BD55BB
:100D60004AADC3BC588ED19F6EEBE7FA7CC8F5D96B
:100D700083310A2091121803A7772E66B5543C459B
:100D8000CBBD42ACD99E508FEFFB66EAFDD874C94B
:100D900004428D5316619F702004A9153227BB367B
:100DA0004CCEC5DF5EEDD7FC6888E1997AABF3BA2B
:100DB00085520C4397711E60A1142805B3373A265B
:100DC000CDDE44CFDFFD56ECE9986089FBBB72AA0B
:100DD00006638F7214409D512225AB343006B9173B
:100DE0004EEFC7FE5CCCD5DD6AA9E3B8788AF19BEB
:100DF00087730E6295501C41A3352A24B11638071B
:100E0000CFFF46EEDDDC54CDEBB962A8F99A708BCA
:100E1000088481951AA793B62CC2A5D33EE1B7F0FA
:100E20004008C919522BDB3A644EED5F766DFF7CAA
:100E3000899400859BB712A6ADD224C3BFF136E0DA
:100E4000C1184809D33B5A2AE55E6C4FF77D7E6C8A
:100E50000AA583B4188691972EE3A7F23CC0B5D1BA
:100E60004229CB38500AD91B666FEF7E744CFD5D6A
:100E70008BB502A499961087AFF326E2BDD034C19A
:100E8000C3394A28D11A580BE77F6E6EF55C7C4D4A
:100E90000CC685D71EE597F42880A1913AA3B3B27A
:100EA000444ACD5B5669DF78600CE91D722FFB3E2A
:100EB0008DD604C79FF516E4A9902081BBB332A25A
:100EC000C55A4C4BD7795E68E11C680DF33F7A2E0A
:100ED0000EE787F61CC495D52AA1A3B03882B1933A
:100EE000466BCF7A5448DD59622DEB3C700EF91FEA
:100EF0008FF706E69DD414C5ABB122A0B99230831A
:100F0000C77B4E6AD5585C49E33D6A2CF11E780FC9
:100F1000005EBCE2613FDD83C29C7E20A3FD1F41D9
:100F20009DC3217FFCA2401E5F01E3BD3E6082DCC9
:100F3000237D9FC1421CFEA0E1BF5D0380DE3C62B9
:100F4000BEE0025CDF81633D7C22C09E1D43A1FFA9
:100F50004618FAA427799BC584DA3866E5BB590799
:100F6000DB856739BAE406581947A5FB7826C49A89
:100F7000653BD987045AB8E6A7F91B45C6987A2479
:100F8000F8A6441A99C7257B3A6486D85B05E7B969
:100F90008CD2306EEDB3510F4E10F2AC2F7193CD59
:100FA000114FADF3702ECC92D38D6F31B2EC0E5049
:100FB000AFF1134DCE90722C6D33D18F0C52B0EE39
:100FC000326C8ED0530DEFB1F0AE4C1291CF2D7329
:100FD000CA947628ABF517490856B4EA6937D58B19
:100FE0005709EBB536688AD495CB2977F4AA481609
:100FF000E9B7550B88D6346A2B7597C94A14F6A8F9
:10100000742AC896154BA9F7B6E80A54D7896B35E8
:10101000252E32660A004D49440051005600580002
:101020008011010800000020C8010000EC01000848
:1010300050120108C8010020A84C00004C02000812
:101040001001000043000000F8FFFFFF0040404097
:10105000404040404040414141414140404040408B
:101060004040404040404040404040404005020237
:1010700002020202020202020202020202202020F6
:101080002020202020202002020202020202909052
:101090009090909010101010101010101010101050
:1010A00010101010101010100202020202028888A4
:1010B00088888888080808080808080808080808B0
:1010C0000808080808080808020202024000000098
:1010D0000000000000000000000000000000000010
:1010E0000000000000000000000000000000000000
:1010F00000000000000000000000000000000000F0
:1011000000000000000000000000000000000000DF
:1011100000000000000000000000000000000000CF
:1011200000000000000000000000000000000000BF
:1011300000000000000000000000000000000000AF
:10114000000000000000000000000000000000009F
:101150001C00000043000000F8FFFFFF0C0000002F
:101160000E0000000F0000002E0000006985FFFF48
:101170006D85FFFF2186FFFF5585FFFF0000000002
:10118000120112321205145203961202122812048E
:101190004D840352031444BC02961324F41C010131
:1011A000081E29143676025802012B6040063904C5
:1011B0001605010201011D02050803011A010101C2
:1011C000167A0102212B9D030223BB03C009F401FF
:1011D000EA01E0011C022BD90302891E0A15B35251
:1011E0006112023A060649021AE0307ABC4E96EEC7
:1011F00002EE0250021F4B892A09146849022996FF
:10120000272003BE05920412142BB20104C1180852
:101210002003340392047E1E4BB20102411B803F27
:101220001A1A403E1A01017910290A295219EB11A4
:10123000193111320529CE320732083209320A3209
:101240000B320C320F321032117212294429140061
:040000050800018965
:00000001FF
